x1,x2,x3,x4,x5,x6,x7,x8,x9,x10,x11,x12,x13,x14,x15,x16,x17,x18,x19,x20,x21,x22,x23,x24,x25,x26,x27,x28,x29,x30,x32,x33
INT_ID,INT_ACTIVITIES_ID,INT_INT_PAGE,INT_TYPE,STR_CONST_DES,STR_NAME,STR_DESCRIPTION,INT_PARM_1,INT_PARM_2,INT_RANGE_2,INT_END_VALUE,INT_REWARD_MODE,INT_MAX_RECEIVE_TIMES,INT_AUTO_AWARD_ITEM_TYPY_1,INT_AUTO_AWARD_ITEM_COUNT_1,INT_AUTO_AWARD_ITEM_TYPY_2,INT_AUTO_AWARD_ITEM_COUNT_2,INT_REWARD_1,INT_COUNT_1,INT_REWARD_2,INT_COUNT_2,INT_REWARD_3,INT_COUNT_3,INT_REWARD_4,INT_COUNT_4,INT_REWARD_5,INT_COUNT_5,INT_MIN_VALUE,INT_MAX_VALUE,INT_SORT_INDEX,INT_VIP_LIMIT,INT_DISCOUNT_RATES
6.0000999e7,100000.0,NULL,QUEST_CHARGE_TIMES,首次充值次数,首次充值,首次充值,0.0,0.0,0.0,1.0,REWARD_MODE_ALL,1.0,0.0,0.0,0.0,0.0,HERO_13_STAR_5,1.0,ADV_RECRUIT_ORDER,2.0,EQUIP_PACK_1,1.0,DOG_TAG,50.0,FORTIFIER_40K,2.0,0.0,0.0,1.0,0.0,0.0
6.0000001e7,100007.0,NULL,QUEST_LOGIN,累计登录【4·天】,<t2 累计登录/>,<t2 累计登录1天/>,0.0,0.0,0.0,1.0,REWARD_MODE_ALL,1.0,0.0,0.0,0.0,0.0,FORTIFIER,50000.0,CASH,150000.0,0.0,0.0,0.0,0.0,0.0,0.0,0.0,0.0,1.0,0.0,0.0
6.0000002e7,100007.0,NULL,QUEST_LOGIN,累计登录【4·天】,<t2 累计登录/>,<t2 累计登录2天/>,0.0,0.0,0.0,2.0,REWARD_MODE_ALL,1.0,0.0,0.0,0.0,0.0,HERO_34_STAR_4,1.0,0.0,0.0,0.0,0.0,0.0,0.0,0.0,0.0,0.0,0.0,2.0,0.0,0.0
6.0000003e7,100007.0,NULL,QUEST_LOGIN,累计登录【4·天】,<t2 累计登录/>,<t2 累计登录3天/>,0.0,0.0,0.0,3.0,REWARD_MODE_ALL,1.0,0.0,0.0,0.0,0.0,STEEL,100000.0,OIL,100000.0,0.0,0.0,0.0,0.0,0.0,0.0,0.0,0.0,3.0,0.0,0.0
6.0000004e7,100007.0,NULL,QUEST_LOGIN,累计登录【4·天】,<t2 累计登录/>,<t2 累计登录4天/>,0.0,0.0,0.0,4.0,REWARD_MODE_ALL,1.0,0.0,0.0,0.0,0.0,SPEEDUP_5M,12.0,SPEEDUP_15M,4.0,SPEEDUP_1H,1.0,0.0,0.0,0.0,0.0,0.0,0.0,4.0,0.0,0.0
6.0000005e7,100007.0,NULL,QUEST_LOGIN,累计登录【4·天】,<t2 累计登录/>,<t2 累计登录5天/>,0.0,0.0,0.0,5.0,REWARD_MODE_ALL,1.0,0.0,0.0,0.0,0.0,GOLD,500.0,0.0,0.0,0.0,0.0,0.0,0.0,0.0,0.0,0.0,0.0,5.0,0.0,0.0
6.0000006e7,100007.0,NULL,QUEST_LOGIN,累计登录【4·天】,<t2 累计登录/>,<t2 累计登录6天/>,0.0,0.0,0.0,6.0,REWARD_MODE_ALL,1.0,0.0,0.0,0.0,0.0,EXP,30000.0,PRESTIGE,100.0,0.0,0.0,0.0,0.0,0.0,0.0,0.0,0.0,6.0,0.0,0.0
6.0000007e7,100007.0,NULL,QUEST_LOGIN,累计登录【4·天】,<t2 累计登录/>,<t2 累计登录7天/>,0.0,0.0,0.0,7.0,REWARD_MODE_ALL,1.0,0.0,0.0,0.0,0.0,MAIN_WEAPON_11,1.0,0.0,0.0,0.0,0.0,0.0,0.0,0.0,0.0,0.0,0.0,7.0,0.0,0.0
6.0000008e7,100007.0,NULL,QUEST_LOGIN,累计登录【4·天】,<t2 累计登录/>,<t2 累计登录7天/>,0.0,0.0,0.0,8.0,REWARD_MODE_ALL,1.0,0.0,0.0,0.0,0.0,HERO_16_STAR_5,1.0,0.0,0.0,0.0,0.0,0.0,0.0,0.0,0.0,0.0,0.0,7.0,0.0,0.0
6.0000009e7,100001.0,NULL,QUEST_MAIN_SEVEN_DAY,总任务数【1·个】【2·秒】后可领取,主活动,<t2 完成100个任务/>,100.0,604800.0,0.0,0.0,REWARD_MODE_PER,100.0,0.0,0.0,0.0,0.0,0.0,0.0,0.0,0.0,0.0,0.0,0.0,0.0,0.0,0.0,0.0,0.0,1.0,0.0,0.0
6.000001e7,100002.0,101.0,QUEST_LOGIN,累计登录【4·天】,<t2 累计登录/>,<t2 累计登录1天/>,0.0,0.0,0.0,1.0,REWARD_MODE_ALL,1.0,0.0,0.0,0.0,0.0,0.0,0.0,0.0,0.0,0.0,0.0,0.0,0.0,0.0,0.0,0.0,0.0,1.0,0.0,0.0
6.0000011e7,100002.0,101.0,QUEST_LOGIN,累计登录【4·天】,<t2 累计登录/>,<t2 累计登录2天/>,0.0,0.0,0.0,2.0,REWARD_MODE_RANDOM,1.0,0.0,0.0,0.0,0.0,0.0,0.0,0.0,0.0,0.0,0.0,0.0,0.0,0.0,0.0,0.0,0.0,2.0,0.0,0.0
6.0000012e7,100002.0,101.0,QUEST_LOGIN,累计登录【4·天】,<t2 累计登录/>,<t2 累计登录3天/>,0.0,0.0,0.0,3.0,REWARD_MODE_PLAYER_CHOOSE,1.0,0.0,0.0,0.0,0.0,0.0,0.0,0.0,0.0,0.0,0.0,0.0,0.0,0.0,0.0,0.0,0.0,3.0,0.0,0.0
6.0000013e7,100002.0,101.0,QUEST_LOGIN,累计登录【4·天】,<t2 累计登录/>,<t2 累计登录4天/>,0.0,0.0,0.0,4.0,REWARD_MODE_ALL,1.0,0.0,0.0,0.0,0.0,0.0,0.0,0.0,0.0,0.0,0.0,0.0,0.0,0.0,0.0,0.0,0.0,4.0,0.0,0.0
6.0000014e7,100002.0,101.0,QUEST_LOGIN,累计登录【4·天】,<t2 累计登录/>,<t2 累计登录5天/>,0.0,0.0,0.0,5.0,REWARD_MODE_ALL,1.0,0.0,0.0,0.0,0.0,0.0,0.0,0.0,0.0,0.0,0.0,0.0,0.0,0.0,0.0,0.0,0.0,5.0,0.0,0.0
6.0000015e7,100002.0,101.0,QUEST_LOGIN,累计登录【4·天】,<t2 累计登录/>,<t2 累计登录6天/>,0.0,0.0,0.0,6.0,REWARD_MODE_ALL,1.0,0.0,0.0,0.0,0.0,0.0,0.0,0.0,0.0,0.0,0.0,0.0,0.0,0.0,0.0,0.0,0.0,6.0,0.0,0.0
6.0000016e7,100002.0,101.0,QUEST_LOGIN,累计登录【4·天】,<t2 累计登录/>,<t2 累计登录7天/>,0.0,0.0,0.0,7.0,REWARD_MODE_ALL,1.0,0.0,0.0,0.0,0.0,0.0,0.0,0.0,0.0,0.0,0.0,0.0,0.0,0.0,0.0,0.0,0.0,7.0,0.0,0.0
6.0000017e7,100002.0,102.0,QUEST_RES_COLLECT,采集【1·资源类型】累计总量达到【4·数量】,<t2 野外采集/>,<t2 世界资源采集总量达10000/>,ALL,0.0,0.0,10000.0,REWARD_MODE_ALL,1.0,0.0,0.0,0.0,0.0,0.0,0.0,0.0,0.0,0.0,0.0,0.0,0.0,0.0,0.0,0.0,0.0,1.0,0.0,0.0
6.0000018e7,100002.0,102.0,QUEST_RES_COLLECT,采集【1·资源类型】累计总量达到【4·数量】,<t2 野外采集/>,<t2 世界资源采集总量达20000/>,ALL,0.0,0.0,20000.0,REWARD_MODE_ALL,1.0,0.0,0.0,0.0,0.0,0.0,0.0,0.0,0.0,0.0,0.0,0.0,0.0,0.0,0.0,0.0,0.0,1.0,0.0,0.0
6.0000019e7,100002.0,102.0,QUEST_RES_COLLECT,采集【1·资源类型】累计总量达到【4·数量】,<t2 野外采集/>,<t2 世界资源采集总量达50000/>,ALL,0.0,0.0,50000.0,REWARD_MODE_ALL,1.0,0.0,0.0,0.0,0.0,0.0,0.0,0.0,0.0,0.0,0.0,0.0,0.0,0.0,0.0,0.0,0.0,1.0,0.0,0.0
6.000002e7,100002.0,102.0,QUEST_RES_COLLECT_TIME,采集【1·资源类型】次数【4·数量】,<t2 野外采集/>,<t2 在世界中采集总量达10次/>,ALL,0.0,0.0,10.0,REWARD_MODE_ALL,1.0,0.0,0.0,0.0,0.0,0.0,0.0,0.0,0.0,0.0,0.0,0.0,0.0,0.0,0.0,0.0,0.0,1.0,0.0,0.0
6.0000021e7,100002.0,102.0,QUEST_RES_COLLECT_TIME,采集【1·资源类型】次数【4·数量】,<t2 野外采集/>,<t2 在世界中采集总量达20次/>,ALL,0.0,0.0,20.0,REWARD_MODE_ALL,1.0,0.0,0.0,0.0,0.0,0.0,0.0,0.0,0.0,0.0,0.0,0.0,0.0,0.0,0.0,0.0,0.0,1.0,0.0,0.0
6.0000022e7,100002.0,102.0,QUEST_RES_COLLECT_TIME,采集【1·资源类型】次数【4·数量】,<t2 野外采集/>,<t2 在世界中采集总量达30次/>,ALL,0.0,0.0,30.0,REWARD_MODE_ALL,1.0,0.0,0.0,0.0,0.0,0.0,0.0,0.0,0.0,0.0,0.0,0.0,0.0,0.0,0.0,0.0,0.0,1.0,0.0,0.0
6.0000023e7,100002.0,102.0,QUEST_RES_COLLECT_TIME,采集【1·资源类型】次数【4·数量】,<t2 野外采集/>,<t2 在世界中采集总量达40次/>,ALL,0.0,0.0,40.0,REWARD_MODE_ALL,1.0,0.0,0.0,0.0,0.0,0.0,0.0,0.0,0.0,0.0,0.0,0.0,0.0,0.0,0.0,0.0,0.0,1.0,0.0,0.0
6.0000024e7,100002.0,103.0,QUEST_EXPEND,消耗【1·道具类型】次数【4·数量】,累计消耗有礼,<t2 累计消费1000黄金)/>,GOLD,0.0,0.0,1000.0,REWARD_MODE_ALL,1.0,0.0,0.0,0.0,0.0,0.0,0.0,0.0,0.0,0.0,0.0,0.0,0.0,0.0,0.0,0.0,0.0,1.0,0.0,0.0
6.0000025e7,100002.0,103.0,QUEST_EXPEND,消耗【1·道具类型】次数【4·数量】,累计消耗有礼,<t2 累计消费2500黄金)/>,GOLD,0.0,0.0,2500.0,REWARD_MODE_ALL,1.0,0.0,0.0,0.0,0.0,0.0,0.0,0.0,0.0,0.0,0.0,0.0,0.0,0.0,0.0,0.0,0.0,2.0,0.0,0.0
6.0000026e7,100002.0,103.0,QUEST_EXPEND,消耗【1·道具类型】次数【4·数量】,累计消耗有礼,<t2 累计消费4000黄金)/>,GOLD,0.0,0.0,4000.0,REWARD_MODE_ALL,1.0,0.0,0.0,0.0,0.0,0.0,0.0,0.0,0.0,0.0,0.0,0.0,0.0,0.0,0.0,0.0,0.0,3.0,0.0,0.0
6.0000027e7,100002.0,103.0,QUEST_EXPEND,消耗【1·道具类型】次数【4·数量】,累计消耗有礼,<t2 累计消费6000黄金)/>,GOLD,0.0,0.0,6000.0,REWARD_MODE_ALL,1.0,0.0,0.0,0.0,0.0,0.0,0.0,0.0,0.0,0.0,0.0,0.0,0.0,0.0,0.0,0.0,0.0,4.0,0.0,0.0
6.0000028e7,100002.0,103.0,QUEST_EXPEND,消耗【1·道具类型】次数【4·数量】,累计消耗有礼,<t2 累计消费8000黄金)/>,GOLD,0.0,0.0,8000.0,REWARD_MODE_ALL,1.0,0.0,0.0,0.0,0.0,0.0,0.0,0.0,0.0,0.0,0.0,0.0,0.0,0.0,0.0,0.0,0.0,5.0,0.0,0.0
6.0000029e7,100002.0,103.0,QUEST_EXPEND,消耗【1·道具类型】次数【4·数量】,累计消耗有礼,<t2 累计消费12000黄金)/>,GOLD,0.0,0.0,12000.0,REWARD_MODE_ALL,1.0,0.0,0.0,0.0,0.0,0.0,0.0,0.0,0.0,0.0,0.0,0.0,0.0,0.0,0.0,0.0,0.0,6.0,0.0,0.0
6.000003e7,100002.0,103.0,QUEST_EXPEND,消耗【1·道具类型】次数【4·数量】,累计消耗有礼,<t2 累计消费18000黄金)/>,GOLD,0.0,0.0,18000.0,REWARD_MODE_ALL,1.0,0.0,0.0,0.0,0.0,0.0,0.0,0.0,0.0,0.0,0.0,0.0,0.0,0.0,0.0,0.0,0.0,7.0,0.0,0.0
6.0000031e7,100002.0,103.0,QUEST_EXPEND,消耗【1·道具类型】次数【4·数量】,累计消耗有礼,<t2 累计消费25000黄金)/>,GOLD,0.0,0.0,25000.0,REWARD_MODE_ALL,1.0,0.0,0.0,0.0,0.0,0.0,0.0,0.0,0.0,0.0,0.0,0.0,0.0,0.0,0.0,0.0,0.0,8.0,0.0,0.0
6.0000032e7,100003.0,104.0,QUEST_EXPEND,消耗【1·道具类型】次数【4·数量】,体力消耗,<t2 累计消耗50体力/>,ENERGY,0.0,0.0,50.0,REWARD_MODE_ALL,1.0,0.0,0.0,0.0,0.0,0.0,0.0,0.0,0.0,0.0,0.0,0.0,0.0,0.0,0.0,0.0,0.0,1.0,0.0,0.0
6.0000033e7,100003.0,104.0,QUEST_EXPEND,消耗【1·道具类型】次数【4·数量】,体力消耗,<t2 累计消耗100体力/>,ENERGY,0.0,0.0,100.0,REWARD_MODE_ALL,1.0,0.0,0.0,0.0,0.0,0.0,0.0,0.0,0.0,0.0,0.0,0.0,0.0,0.0,0.0,0.0,0.0,2.0,0.0,0.0
6.0000034e7,100003.0,104.0,QUEST_EXPEND,消耗【1·道具类型】次数【4·数量】,体力消耗,<t2 累计消耗200体力/>,ENERGY,0.0,0.0,200.0,REWARD_MODE_ALL,1.0,0.0,0.0,0.0,0.0,0.0,0.0,0.0,0.0,0.0,0.0,0.0,0.0,0.0,0.0,0.0,0.0,3.0,0.0,0.0
6.0000035e7,100003.0,104.0,QUEST_EXPEND,消耗【1·道具类型】次数【4·数量】,体力消耗,<t2 累计消耗300体力/>,ENERGY,0.0,0.0,300.0,REWARD_MODE_ALL,1.0,0.0,0.0,0.0,0.0,0.0,0.0,0.0,0.0,0.0,0.0,0.0,0.0,0.0,0.0,0.0,0.0,4.0,0.0,0.0
6.0000036e7,100003.0,104.0,QUEST_EXPEND,消耗【1·道具类型】次数【4·数量】,体力消耗,<t2 累计消耗400体力/>,ENERGY,0.0,0.0,400.0,REWARD_MODE_ALL,1.0,0.0,0.0,0.0,0.0,0.0,0.0,0.0,0.0,0.0,0.0,0.0,0.0,0.0,0.0,0.0,0.0,5.0,0.0,0.0
6.0000037e7,100003.0,104.0,QUEST_EXPEND,消耗【1·道具类型】次数【4·数量】,体力消耗,<t2 累计消耗500体力/>,ENERGY,0.0,0.0,500.0,REWARD_MODE_ALL,1.0,0.0,0.0,0.0,0.0,0.0,0.0,0.0,0.0,0.0,0.0,0.0,0.0,0.0,0.0,0.0,0.0,6.0,0.0,0.0
6.0000038e7,100003.0,104.0,QUEST_EXPEND,消耗【1·道具类型】次数【4·数量】,体力消耗,<t2 累计消耗600体力/>,ENERGY,0.0,0.0,600.0,REWARD_MODE_ALL,1.0,0.0,0.0,0.0,0.0,0.0,0.0,0.0,0.0,0.0,0.0,0.0,0.0,0.0,0.0,0.0,0.0,7.0,0.0,0.0
6.0000039e7,100003.0,104.0,QUEST_EXPEND,消耗【1·道具类型】次数【4·数量】,体力消耗,<t2 累计消耗700体力/>,ENERGY,0.0,0.0,700.0,REWARD_MODE_ALL,1.0,0.0,0.0,0.0,0.0,0.0,0.0,0.0,0.0,0.0,0.0,0.0,0.0,0.0,0.0,0.0,0.0,8.0,0.0,0.0
6.000004e7,100003.0,105.0,QUEST_WARLORD,消灭【2·等级】级以上的军阀【4·次】次,消灭军阀,<t2 消灭军阀10次/>,0.0,1.0,EQUAL_GREATER,10.0,REWARD_MODE_ALL,1.0,0.0,0.0,0.0,0.0,0.0,0.0,0.0,0.0,0.0,0.0,0.0,0.0,0.0,0.0,0.0,0.0,1.0,0.0,0.0
6.0000041e7,100003.0,105.0,QUEST_WARLORD,消灭【2·等级】级以上的军阀【4·次】次,消灭军阀,<t2 消灭军阀20次/>,0.0,1.0,EQUAL_GREATER,20.0,REWARD_MODE_ALL,1.0,0.0,0.0,0.0,0.0,0.0,0.0,0.0,0.0,0.0,0.0,0.0,0.0,0.0,0.0,0.0,0.0,2.0,0.0,0.0
6.0000042e7,100003.0,105.0,QUEST_WARLORD,消灭【2·等级】级以上的军阀【4·次】次,消灭军阀,<t2 消灭军阀30次/>,0.0,1.0,EQUAL_GREATER,30.0,REWARD_MODE_ALL,1.0,0.0,0.0,0.0,0.0,0.0,0.0,0.0,0.0,0.0,0.0,0.0,0.0,0.0,0.0,0.0,0.0,3.0,0.0,0.0
6.0000043e7,100003.0,105.0,QUEST_WARLORD,消灭【2·等级】级以上的军阀【4·次】次,消灭军阀,<t2 消灭军阀40次/>,0.0,1.0,EQUAL_GREATER,40.0,REWARD_MODE_ALL,1.0,0.0,0.0,0.0,0.0,0.0,0.0,0.0,0.0,0.0,0.0,0.0,0.0,0.0,0.0,0.0,0.0,4.0,0.0,0.0
6.0000044e7,100003.0,105.0,QUEST_WARLORD,消灭【2·等级】级以上的军阀【4·次】次,消灭军阀,<t2 消灭军阀50次/>,0.0,1.0,EQUAL_GREATER,50.0,REWARD_MODE_ALL,1.0,0.0,0.0,0.0,0.0,0.0,0.0,0.0,0.0,0.0,0.0,0.0,0.0,0.0,0.0,0.0,0.0,5.0,0.0,0.0
6.0000045e7,100003.0,105.0,QUEST_WARLORD,消灭【2·等级】级以上的军阀【4·次】次,消灭军阀,<t2 消灭军阀60次/>,0.0,1.0,EQUAL_GREATER,60.0,REWARD_MODE_ALL,1.0,0.0,0.0,0.0,0.0,0.0,0.0,0.0,0.0,0.0,0.0,0.0,0.0,0.0,0.0,0.0,0.0,6.0,0.0,0.0
6.0000046e7,100003.0,105.0,QUEST_WARLORD,消灭【2·等级】级以上的军阀【4·次】次,消灭军阀,<t2 消灭军阀70次/>,0.0,1.0,EQUAL_GREATER,70.0,REWARD_MODE_ALL,1.0,0.0,0.0,0.0,0.0,0.0,0.0,0.0,0.0,0.0,0.0,0.0,0.0,0.0,0.0,0.0,0.0,7.0,0.0,0.0
6.0000047e7,100003.0,106.0,QUEST_STRONGHOLD,攻打【2·等级】级以上据点胜利【4·次】次,攻击据点,<t2 攻打据点10次/>,0.0,1.0,EQUAL_GREATER,10.0,REWARD_MODE_ALL,1.0,0.0,0.0,0.0,0.0,0.0,0.0,0.0,0.0,0.0,0.0,0.0,0.0,0.0,0.0,0.0,0.0,1.0,0.0,0.0
6.0000048e7,100003.0,106.0,QUEST_STRONGHOLD,攻打【2·等级】级以上据点胜利【4·次】次,攻击据点,<t2 消灭军阀20次/>,0.0,1.0,EQUAL_GREATER,20.0,REWARD_MODE_ALL,1.0,0.0,0.0,0.0,0.0,0.0,0.0,0.0,0.0,0.0,0.0,0.0,0.0,0.0,0.0,0.0,0.0,2.0,0.0,0.0
6.0000049e7,100003.0,106.0,QUEST_STRONGHOLD,攻打【2·等级】级以上据点胜利【4·次】次,攻击据点,<t2 消灭军阀30次/>,0.0,1.0,EQUAL_GREATER,30.0,REWARD_MODE_ALL,1.0,0.0,0.0,0.0,0.0,0.0,0.0,0.0,0.0,0.0,0.0,0.0,0.0,0.0,0.0,0.0,0.0,3.0,0.0,0.0
6.000005e7,100003.0,106.0,QUEST_STRONGHOLD,攻打【2·等级】级以上据点胜利【4·次】次,攻击据点,<t2 消灭军阀40次/>,0.0,1.0,EQUAL_GREATER,40.0,REWARD_MODE_ALL,1.0,0.0,0.0,0.0,0.0,0.0,0.0,0.0,0.0,0.0,0.0,0.0,0.0,0.0,0.0,0.0,0.0,4.0,0.0,0.0
6.0000051e7,100003.0,106.0,QUEST_STRONGHOLD,攻打【2·等级】级以上据点胜利【4·次】次,攻击据点,<t2 消灭军阀50次/>,0.0,1.0,EQUAL_GREATER,50.0,REWARD_MODE_ALL,1.0,0.0,0.0,0.0,0.0,0.0,0.0,0.0,0.0,0.0,0.0,0.0,0.0,0.0,0.0,0.0,0.0,5.0,0.0,0.0
6.0000052e7,100003.0,106.0,QUEST_STRONGHOLD_TIME,驻守【2·等级】级以上据点【4·秒】秒,攻击据点,<t2 驻守据点20分钟/>,0.0,1.0,EQUAL_GREATER,1200.0,REWARD_MODE_ALL,1.0,0.0,0.0,0.0,0.0,0.0,0.0,0.0,0.0,0.0,0.0,0.0,0.0,0.0,0.0,0.0,0.0,6.0,0.0,0.0
6.0000053e7,100003.0,106.0,QUEST_STRONGHOLD_TIME,驻守【2·等级】级以上据点【4·秒】秒,攻击据点,<t2 驻守据点40分钟/>,0.0,1.0,EQUAL_GREATER,2400.0,REWARD_MODE_ALL,1.0,0.0,0.0,0.0,0.0,0.0,0.0,0.0,0.0,0.0,0.0,0.0,0.0,0.0,0.0,0.0,0.0,7.0,0.0,0.0
6.0000054e7,100003.0,106.0,QUEST_STRONGHOLD_TIME,驻守【2·等级】级以上据点【4·秒】秒,攻击据点,<t2 驻守据点80分钟/>,0.0,1.0,EQUAL_GREATER,4800.0,REWARD_MODE_ALL,1.0,0.0,0.0,0.0,0.0,0.0,0.0,0.0,0.0,0.0,0.0,0.0,0.0,0.0,0.0,0.0,0.0,8.0,0.0,0.0
6.0000055e7,100004.0,107.0,QUEST_ALLY_DONATION,联盟捐献【4·次】次,联盟捐献,<t2联盟捐献5次/>,0.0,0.0,0.0,5.0,REWARD_MODE_ALL,1.0,0.0,0.0,0.0,0.0,0.0,0.0,0.0,0.0,0.0,0.0,0.0,0.0,0.0,0.0,0.0,0.0,1.0,0.0,0.0
6.0000056e7,100004.0,107.0,QUEST_ALLY_DONATION,联盟捐献【4·次】次,联盟捐献,<t2联盟捐献10次/>,0.0,0.0,0.0,10.0,REWARD_MODE_ALL,1.0,0.0,0.0,0.0,0.0,0.0,0.0,0.0,0.0,0.0,0.0,0.0,0.0,0.0,0.0,0.0,0.0,2.0,0.0,0.0
6.0000057e7,100004.0,107.0,QUEST_ALLY_DONATION,联盟捐献【4·次】次,联盟捐献,<t2联盟捐献20次/>,0.0,0.0,0.0,20.0,REWARD_MODE_ALL,1.0,0.0,0.0,0.0,0.0,0.0,0.0,0.0,0.0,0.0,0.0,0.0,0.0,0.0,0.0,0.0,0.0,3.0,0.0,0.0
6.0000058e7,100004.0,107.0,QUEST_ALLY_DONATION,联盟捐献【4·次】次,联盟捐献,<t2联盟捐献30次/>,0.0,0.0,0.0,30.0,REWARD_MODE_ALL,1.0,0.0,0.0,0.0,0.0,0.0,0.0,0.0,0.0,0.0,0.0,0.0,0.0,0.0,0.0,0.0,0.0,4.0,0.0,0.0
6.0000059e7,100004.0,107.0,QUEST_ALLY_DONATION,联盟捐献【4·次】次,联盟捐献,<t2联盟捐献40次/>,0.0,0.0,0.0,40.0,REWARD_MODE_ALL,1.0,0.0,0.0,0.0,0.0,0.0,0.0,0.0,0.0,0.0,0.0,0.0,0.0,0.0,0.0,0.0,0.0,5.0,0.0,0.0
6.000006e7,100004.0,107.0,QUEST_ALLY_DONATION,联盟捐献【4·次】次,联盟捐献,<t2联盟捐献50次/>,0.0,0.0,0.0,50.0,REWARD_MODE_ALL,1.0,0.0,0.0,0.0,0.0,0.0,0.0,0.0,0.0,0.0,0.0,0.0,0.0,0.0,0.0,0.0,0.0,6.0,0.0,0.0
6.0000061e7,100004.0,107.0,QUEST_ALLY_DONATION,联盟捐献【4·次】次,联盟捐献,<t2联盟捐献80次/>,0.0,0.0,0.0,80.0,REWARD_MODE_ALL,1.0,0.0,0.0,0.0,0.0,0.0,0.0,0.0,0.0,0.0,0.0,0.0,0.0,0.0,0.0,0.0,0.0,7.0,0.0,0.0
6.0000062e7,100004.0,107.0,QUEST_ALLY_DONATION,联盟捐献【4·次】次,联盟捐献,<t2联盟捐献100次/>,0.0,0.0,0.0,100.0,REWARD_MODE_ALL,1.0,0.0,0.0,0.0,0.0,0.0,0.0,0.0,0.0,0.0,0.0,0.0,0.0,0.0,0.0,0.0,0.0,8.0,0.0,0.0
6.0000063e7,100004.0,108.0,QUEST_SPEEDUP_TIME,累计使用【1·类别】加速道具【4·秒】秒,累计使用加速道具,<t2 累计使用加速道具80分钟/>,ALL,0.0,0.0,4800.0,REWARD_MODE_ALL,1.0,0.0,0.0,0.0,0.0,0.0,0.0,0.0,0.0,0.0,0.0,0.0,0.0,0.0,0.0,0.0,0.0,1.0,0.0,0.0
6.0000064e7,100004.0,108.0,QUEST_SPEEDUP_TIME,累计使用【1·类别】加速道具【4·秒】秒,累计使用加速道具,<t2 累计使用加速道具90分钟/>,ALL,0.0,0.0,5400.0,REWARD_MODE_ALL,1.0,0.0,0.0,0.0,0.0,0.0,0.0,0.0,0.0,0.0,0.0,0.0,0.0,0.0,0.0,0.0,0.0,2.0,0.0,0.0
6.0000065e7,100004.0,108.0,QUEST_SPEEDUP_TIME,累计使用【1·类别】加速道具【4·秒】秒,累计使用加速道具,<t2 累计使用加速道具100分钟/>,ALL,0.0,0.0,6000.0,REWARD_MODE_ALL,1.0,0.0,0.0,0.0,0.0,0.0,0.0,0.0,0.0,0.0,0.0,0.0,0.0,0.0,0.0,0.0,0.0,3.0,0.0,0.0
6.0000066e7,100004.0,108.0,QUEST_SPEEDUP_TIME,累计使用【1·类别】加速道具【4·秒】秒,累计使用加速道具,<t2 累计使用加速道具110分钟/>,ALL,0.0,0.0,6600.0,REWARD_MODE_ALL,1.0,0.0,0.0,0.0,0.0,0.0,0.0,0.0,0.0,0.0,0.0,0.0,0.0,0.0,0.0,0.0,0.0,4.0,0.0,0.0
6.0000067e7,100004.0,108.0,QUEST_SPEEDUP_TIME,累计使用【1·类别】加速道具【4·秒】秒,累计使用加速道具,<t2 累计使用加速道具120分钟/>,ALL,0.0,0.0,7200.0,REWARD_MODE_ALL,1.0,0.0,0.0,0.0,0.0,0.0,0.0,0.0,0.0,0.0,0.0,0.0,0.0,0.0,0.0,0.0,0.0,5.0,0.0,0.0
6.0000068e7,100004.0,108.0,QUEST_SPEEDUP_TIME,累计使用【1·类别】加速道具【4·秒】秒,累计使用加速道具,<t2 累计使用加速道具130分钟/>,ALL,0.0,0.0,7800.0,REWARD_MODE_ALL,1.0,0.0,0.0,0.0,0.0,0.0,0.0,0.0,0.0,0.0,0.0,0.0,0.0,0.0,0.0,0.0,0.0,6.0,0.0,0.0
6.0000069e7,100004.0,108.0,QUEST_SPEEDUP_TIME,累计使用【1·类别】加速道具【4·秒】秒,累计使用加速道具,<t2 累计使用加速道具140分钟/>,ALL,0.0,0.0,8400.0,REWARD_MODE_ALL,1.0,0.0,0.0,0.0,0.0,0.0,0.0,0.0,0.0,0.0,0.0,0.0,0.0,0.0,0.0,0.0,0.0,7.0,0.0,0.0
6.000007e7,100004.0,108.0,QUEST_SPEEDUP_TIME,累计使用【1·类别】加速道具【4·秒】秒,累计使用加速道具,<t2 累计使用加速道具150分钟/>,ALL,0.0,0.0,9000.0,REWARD_MODE_ALL,1.0,0.0,0.0,0.0,0.0,0.0,0.0,0.0,0.0,0.0,0.0,0.0,0.0,0.0,0.0,0.0,0.0,8.0,0.0,0.0
6.0000071e7,100004.0,108.0,QUEST_SPEEDUP_TIME,累计使用【1·类别】加速道具【4·秒】秒,累计使用加速道具,<t2 累计使用加速道具160分钟/>,ALL,0.0,0.0,9600.0,REWARD_MODE_ALL,1.0,0.0,0.0,0.0,0.0,0.0,0.0,0.0,0.0,0.0,0.0,0.0,0.0,0.0,0.0,0.0,0.0,9.0,0.0,0.0
6.0000072e7,100004.0,109.0,QUEST_PAYMENT,累计充值【4·数量】美元,<t2 累计充值/>,<t2 累计充值30元>,0.0,0.0,0.0,30.0,REWARD_MODE_ALL,1.0,0.0,0.0,0.0,0.0,0.0,0.0,0.0,0.0,0.0,0.0,0.0,0.0,0.0,0.0,0.0,0.0,1.0,0.0,0.0
6.0000073e7,100004.0,109.0,QUEST_PAYMENT,累计充值【4·数量】美元,<t2 累计充值/>,<t2 累计充值98元>,0.0,0.0,0.0,98.0,REWARD_MODE_ALL,1.0,0.0,0.0,0.0,0.0,0.0,0.0,0.0,0.0,0.0,0.0,0.0,0.0,0.0,0.0,0.0,0.0,2.0,0.0,0.0
6.0000074e7,100004.0,109.0,QUEST_PAYMENT,累计充值【4·数量】美元,<t2 累计充值/>,<t2 累计充值198元>,0.0,0.0,0.0,198.0,REWARD_MODE_ALL,1.0,0.0,0.0,0.0,0.0,0.0,0.0,0.0,0.0,0.0,0.0,0.0,0.0,0.0,0.0,0.0,0.0,3.0,0.0,0.0
6.0000075e7,100004.0,109.0,QUEST_PAYMENT,累计充值【4·数量】美元,<t2 累计充值/>,<t2 累计充值328元>,0.0,0.0,0.0,328.0,REWARD_MODE_ALL,1.0,0.0,0.0,0.0,0.0,0.0,0.0,0.0,0.0,0.0,0.0,0.0,0.0,0.0,0.0,0.0,0.0,4.0,0.0,0.0
6.0000076e7,100004.0,109.0,QUEST_PAYMENT,累计充值【4·数量】美元,<t2 累计充值/>,<t2 累计充值648元>,0.0,0.0,0.0,648.0,REWARD_MODE_ALL,1.0,0.0,0.0,0.0,0.0,0.0,0.0,0.0,0.0,0.0,0.0,0.0,0.0,0.0,0.0,0.0,0.0,5.0,0.0,0.0
6.0000077e7,100004.0,109.0,QUEST_PAYMENT,累计充值【4·数量】美元,<t2 累计充值/>,<t2 累计充值968元>,0.0,0.0,0.0,968.0,REWARD_MODE_ALL,1.0,0.0,0.0,0.0,0.0,0.0,0.0,0.0,0.0,0.0,0.0,0.0,0.0,0.0,0.0,0.0,0.0,6.0,0.0,0.0
6.0000078e7,100004.0,109.0,QUEST_PAYMENT,累计充值【4·数量】美元,<t2 累计充值/>,<t2 累计充值1200元>,0.0,0.0,0.0,1200.0,REWARD_MODE_ALL,1.0,0.0,0.0,0.0,0.0,0.0,0.0,0.0,0.0,0.0,0.0,0.0,0.0,0.0,0.0,0.0,0.0,7.0,0.0,0.0
6.0000079e7,100004.0,109.0,QUEST_PAYMENT,累计充值【4·数量】美元,<t2 累计充值/>,<t2 累计充值2000元>,0.0,0.0,0.0,2000.0,REWARD_MODE_ALL,1.0,0.0,0.0,0.0,0.0,0.0,0.0,0.0,0.0,0.0,0.0,0.0,0.0,0.0,0.0,0.0,0.0,8.0,0.0,0.0
6.000008e7,100004.0,109.0,QUEST_PAYMENT,累计充值【4·数量】美元,<t2 累计充值/>,<t2 累计充值3000元>,0.0,0.0,0.0,3000.0,REWARD_MODE_ALL,1.0,0.0,0.0,0.0,0.0,0.0,0.0,0.0,0.0,0.0,0.0,0.0,0.0,0.0,0.0,0.0,0.0,9.0,0.0,0.0
6.0000081e7,100005.0,110.0,QUEST_ALLY_HELP,联盟帮助【4·次】次,联盟帮助,<t2 联盟帮助5次>,0.0,0.0,0.0,5.0,REWARD_MODE_ALL,1.0,0.0,0.0,0.0,0.0,0.0,0.0,0.0,0.0,0.0,0.0,0.0,0.0,0.0,0.0,0.0,0.0,1.0,0.0,0.0
6.0000082e7,100005.0,110.0,QUEST_BUY_ITEM,黑市购买道具【4·次】,礼伤并重,<t2 黑市购买10次>,0.0,0.0,0.0,10.0,REWARD_MODE_ALL,1.0,0.0,0.0,0.0,0.0,0.0,0.0,0.0,0.0,0.0,0.0,0.0,0.0,0.0,0.0,0.0,0.0,2.0,0.0,0.0
6.0000083e7,100005.0,110.0,QUEST_ALLY_TREASURE,挖掘【4·次】次【2·品质(颜色)】品质的联盟宝藏,宝藏挖掘,<t2 联盟宝藏挖掘10次>,0.0,ALL,0.0,10.0,REWARD_MODE_ALL,1.0,0.0,0.0,0.0,0.0,0.0,0.0,0.0,0.0,0.0,0.0,0.0,0.0,0.0,0.0,0.0,0.0,3.0,0.0,0.0
6.0000084e7,100005.0,110.0,QUEST_GACHA,普通招募【4·次】次,普通招募,<t2 普通招募10次>,0.0,0.0,0.0,10.0,REWARD_MODE_ALL,1.0,0.0,0.0,0.0,0.0,0.0,0.0,0.0,0.0,0.0,0.0,0.0,0.0,0.0,0.0,0.0,0.0,4.0,0.0,0.0
6.0000085e7,100005.0,111.0,QUEST_ADV_GACHA,高级招募【4·次】次,高级招募,<t2 高级招募10次>,0.0,0.0,0.0,10.0,REWARD_MODE_ALL,1.0,0.0,0.0,0.0,0.0,0.0,0.0,0.0,0.0,0.0,0.0,0.0,0.0,0.0,0.0,0.0,0.0,5.0,0.0,0.0
6.0000086e7,100005.0,111.0,QUEST_FRI_GACHA,友情招募【4·次】次,友情招募,<t2 友情招募10次>,0.0,0.0,0.0,10.0,REWARD_MODE_ALL,1.0,0.0,0.0,0.0,0.0,0.0,0.0,0.0,0.0,0.0,0.0,0.0,0.0,0.0,0.0,0.0,0.0,6.0,0.0,0.0
6.0000087e7,100005.0,111.0,QUEST_RES_PRODUCE,城内收集【1·资源类型】累计总量达到【4·数量】,积草屯量,<t2 城内钢铁石油采集总量达5000000>,STEEL_OIL,0.0,0.0,5.0e6,REWARD_MODE_ALL,1.0,0.0,0.0,0.0,0.0,0.0,0.0,0.0,0.0,0.0,0.0,0.0,0.0,0.0,0.0,0.0,0.0,7.0,0.0,0.0
6.0000088e7,100005.0,111.0,QUEST_RES_PRODUCE,城内收集【1·资源类型】累计总量达到【4·数量】,积草屯量,<t2 城内石油采集总量达5000000>,OIL,0.0,0.0,5.0e6,REWARD_MODE_ALL,1.0,0.0,0.0,0.0,0.0,0.0,0.0,0.0,0.0,0.0,0.0,0.0,0.0,0.0,0.0,0.0,0.0,8.0,0.0,0.0
6.0000089e7,100005.0,111.0,QUEST_RES_PRODUCE,城内收集【1·资源类型】累计总量达到【4·数量】,积草屯量,<t2 城内橡胶采集总量达5000000>,RUBBER,0.0,0.0,5.0e6,REWARD_MODE_ALL,1.0,0.0,0.0,0.0,0.0,0.0,0.0,0.0,0.0,0.0,0.0,0.0,0.0,0.0,0.0,0.0,0.0,9.0,0.0,0.0
6.000009e7,100005.0,111.0,QUEST_RES_PRODUCE,城内收集【1·资源类型】累计总量达到【4·数量】,积草屯量,<t2 城内弹药采集总量达5000000>,AMMO,0.0,0.0,5.0e6,REWARD_MODE_ALL,1.0,0.0,0.0,0.0,0.0,0.0,0.0,0.0,0.0,0.0,0.0,0.0,0.0,0.0,0.0,0.0,0.0,10.0,0.0,0.0
6.0000091e7,100005.0,111.0,QUEST_RES_PRODUCE,城内收集【1·资源类型】累计总量达到【4·数量】,积草屯量,<t2 城内钢铁采集总量达5000000>,STEEL,0.0,0.0,5.0e6,REWARD_MODE_ALL,1.0,0.0,0.0,0.0,0.0,0.0,0.0,0.0,0.0,0.0,0.0,0.0,0.0,0.0,0.0,0.0,0.0,11.0,0.0,0.0
6.0000092e7,100005.0,111.0,QUEST_TRAIN_TROOPS,生产【4·数量】个【2·等级】级以上的【1·部队类型】,一骑绝尘,<t2 训练并收取5000个任意空中部队>,AIR_TROOPS,1.0,EQUAL_GREATER,5000.0,REWARD_MODE_ALL,1.0,0.0,0.0,0.0,0.0,0.0,0.0,0.0,0.0,0.0,0.0,0.0,0.0,0.0,0.0,0.0,0.0,12.0,0.0,0.0
6.0000093e7,100005.0,111.0,QUEST_TRAIN_TROOPS,生产【4·数量】个【2·等级】级以上的【1·部队类型】,攻守兼备,<t2 训练并收取5000个任意坦克部队>,TANK_TROOPS,1.0,EQUAL_GREATER,5000.0,REWARD_MODE_ALL,1.0,0.0,0.0,0.0,0.0,0.0,0.0,0.0,0.0,0.0,0.0,0.0,0.0,0.0,0.0,0.0,0.0,12.0,0.0,0.0
6.0000094e7,100005.0,111.0,QUEST_SUPPLY,补给中心进行补给【4·次】次,祭坛祭祀,<t2 补给中心补给100次>,0.0,0.0,0.0,100.0,REWARD_MODE_ALL,1.0,0.0,0.0,0.0,0.0,0.0,0.0,0.0,0.0,0.0,0.0,0.0,0.0,0.0,0.0,0.0,0.0,13.0,0.0,0.0
6.0000095e7,100005.0,112.0,QUEST_TRUCK,装卸货物【4·次】次,货物装卸,<t2 运输中心装卸获取50次>,0.0,0.0,0.0,50.0,REWARD_MODE_ALL,1.0,0.0,0.0,0.0,0.0,0.0,0.0,0.0,0.0,0.0,0.0,0.0,0.0,0.0,0.0,0.0,0.0,14.0,0.0,0.0
6.0000096e7,100005.0,112.0,QUEST_FIGHTCLUB_WIN,搏击俱乐部累计获胜【4·次】次,搏击俱乐部,<t2搏击俱乐部累计获胜10次>,0.0,0.0,0.0,10.0,REWARD_MODE_ALL,1.0,0.0,0.0,0.0,0.0,0.0,0.0,0.0,0.0,0.0,0.0,0.0,0.0,0.0,0.0,0.0,0.0,15.0,0.0,0.0
6.0000097e7,100005.0,112.0,QUEST_FIGHTCLUB_TIME,搏击俱乐部【4·次】次,搏击俱乐部,<t2搏击俱乐部挑战20次>,0.0,0.0,0.0,20.0,REWARD_MODE_ALL,1.0,0.0,0.0,0.0,0.0,0.0,0.0,0.0,0.0,0.0,0.0,0.0,0.0,0.0,0.0,0.0,0.0,16.0,0.0,0.0
6.0000098e7,100005.0,112.0,QUEST_EVENT_RAID,在火车站中完成【4·次】次【1·副本类型】,活动副本,<t2活动副本挑战10次>,ALL,0.0,0.0,10.0,REWARD_MODE_ALL,1.0,0.0,0.0,0.0,0.0,0.0,0.0,0.0,0.0,0.0,0.0,0.0,0.0,0.0,0.0,0.0,0.0,17.0,0.0,0.0
6.0000099e7,100005.0,112.0,QUEST_EXPEDITION,远征通过第【2·关卡】关,远征,<t2远征挑战至第10关>,0.0,0.0,0.0,10.0,REWARD_MODE_ALL,1.0,0.0,0.0,0.0,0.0,0.0,0.0,0.0,0.0,0.0,0.0,0.0,0.0,0.0,0.0,0.0,0.0,18.0,0.0,0.0
6.00001e7,100006.0,113.0,QUEST_SCOUT,侦察【4·次】次,侦察,<t2侦察10次>,0.0,0.0,0.0,10.0,REWARD_MODE_ALL,1.0,0.0,0.0,0.0,0.0,0.0,0.0,0.0,0.0,0.0,0.0,0.0,0.0,0.0,0.0,0.0,0.0,19.0,0.0,0.0
6.0000101e7,100006.0,113.0,QUEST_GAMBLE_LOTTERY,赌场普通抽奖【4·次】次,赌场,<t2赌场普通抽奖10次>,0.0,0.0,0.0,10.0,REWARD_MODE_ALL,1.0,0.0,0.0,0.0,0.0,0.0,0.0,0.0,0.0,0.0,0.0,0.0,0.0,0.0,0.0,0.0,0.0,20.0,0.0,0.0
6.0000102e7,100006.0,113.0,QUEST_GAMBLE_ADV_LOTTERY,赌场高级抽奖【4·次】次,赌场,<t2赌场高级抽奖10次>,0.0,0.0,0.0,10.0,REWARD_MODE_ALL,1.0,0.0,0.0,0.0,0.0,0.0,0.0,0.0,0.0,0.0,0.0,0.0,0.0,0.0,0.0,0.0,0.0,21.0,0.0,0.0
6.0000103e7,100006.0,114.0,QUEST_BUILD,升级【1·建筑类型】【4·次】次,升级建筑,<t2升级任意建筑5次>,ALL,0.0,0.0,5.0,REWARD_MODE_ALL,1.0,0.0,0.0,0.0,0.0,0.0,0.0,0.0,0.0,0.0,0.0,0.0,0.0,0.0,0.0,0.0,0.0,22.0,0.0,0.0
6.0000104e7,100006.0,114.0,QUEST_RESEARCH,研究科技【4·次】次,研究科技,<t2升级研究科技5次>,0.0,0.0,0.0,5.0,REWARD_MODE_ALL,1.0,0.0,0.0,0.0,0.0,0.0,0.0,0.0,0.0,0.0,0.0,0.0,0.0,0.0,0.0,0.0,0.0,23.0,0.0,0.0
6.0000105e7,100006.0,114.0,QUEST_USE_COMMANDER_SKILL,使用技能【4·次】次,指挥官技能,<t2使用指挥官技能5次>,0.0,0.0,0.0,5.0,REWARD_MODE_ALL,1.0,0.0,0.0,0.0,0.0,0.0,0.0,0.0,0.0,0.0,0.0,0.0,0.0,0.0,0.0,0.0,0.0,24.0,0.0,0.0
6.0000106e7,100006.0,114.0,QUEST_USE_COMMANDER_SKILL,使用技能【4·次】次,指挥官技能,<t2使用指挥官技能20次>,0.0,0.0,0.0,20.0,REWARD_MODE_ALL,1.0,0.0,0.0,0.0,0.0,0.0,0.0,0.0,0.0,0.0,0.0,0.0,0.0,0.0,0.0,0.0,0.0,27.0,0.0,0.0
6.0000107e7,100006.0,115.0,QUEST_EQUIP_FORGE,合成【4·数量】件装备【2·颜色(品质)】装备,装备合成,<t2合成5件橙色装备>,0.0,5.0,EQUAL,5.0,REWARD_MODE_ALL,1.0,0.0,0.0,0.0,0.0,0.0,0.0,0.0,0.0,0.0,0.0,0.0,0.0,0.0,0.0,0.0,0.0,28.0,0.0,0.0
6.0000108e7,100006.0,115.0,QUEST_EQUIP_FORGE,合成【4·数量】件装备【2·颜色(品质)】装备,装备合成,<t2合成10件红色装备>,0.0,6.0,EQUAL,10.0,REWARD_MODE_ALL,1.0,0.0,0.0,0.0,0.0,0.0,0.0,0.0,0.0,0.0,0.0,0.0,0.0,0.0,0.0,0.0,0.0,28.0,0.0,0.0
6.0000109e7,100006.0,115.0,QUEST_HERO_LEVELUP,将【1·英雄id ALL】（至少）提升【4·等级】级,英雄升级,<t2提升50级英雄等级>,0.0,0.0,0.0,50.0,REWARD_MODE_ALL,1.0,0.0,0.0,0.0,0.0,0.0,0.0,0.0,0.0,0.0,0.0,0.0,0.0,0.0,0.0,0.0,0.0,29.0,0.0,0.0
6.0000118e7,100008.0,NULL,QUEST_MAIN_WEEK_LOGIN,总任务数【1·个】,主活动,<t2 完成28个任务/>,28.0,0.0,0.0,0.0,REWARD_MODE_ALL,1.0,0.0,0.0,0.0,0.0,0.0,0.0,0.0,0.0,0.0,0.0,0.0,0.0,0.0,0.0,0.0,0.0,1.0,0.0,0.0
6.0000119e7,100009.0,NULL,QUEST_LOGIN,累计登录【4·天】,<t2 累计登录/>,<t2 累计登录1天/>,0.0,0.0,0.0,1.0,REWARD_MODE_ALL,1.0,0.0,0.0,0.0,0.0,0.0,0.0,0.0,0.0,0.0,0.0,0.0,0.0,0.0,0.0,0.0,0.0,1.0,0.0,0.0
6.000012e7,100009.0,NULL,QUEST_LOGIN,累计登录【4·天】,<t2 累计登录/>,<t2 累计登录2天/>,0.0,0.0,0.0,2.0,REWARD_MODE_ALL,1.0,0.0,0.0,0.0,0.0,0.0,0.0,0.0,0.0,0.0,0.0,0.0,0.0,0.0,0.0,0.0,0.0,2.0,0.0,0.0
6.0000121e7,100009.0,NULL,QUEST_LOGIN,累计登录【4·天】,<t2 累计登录/>,<t2 累计登录3天/>,0.0,0.0,0.0,3.0,REWARD_MODE_ALL,1.0,0.0,0.0,0.0,0.0,0.0,0.0,0.0,0.0,0.0,0.0,0.0,0.0,0.0,0.0,0.0,0.0,3.0,0.0,0.0
6.0000122e7,100009.0,NULL,QUEST_LOGIN,累计登录【4·天】,<t2 累计登录/>,<t2 累计登录4天/>,0.0,0.0,0.0,4.0,REWARD_MODE_ALL,1.0,0.0,0.0,0.0,0.0,0.0,0.0,0.0,0.0,0.0,0.0,0.0,0.0,0.0,0.0,0.0,0.0,4.0,0.0,0.0
6.0000123e7,100009.0,NULL,QUEST_LOGIN,累计登录【4·天】,<t2 累计登录/>,<t2 累计登录5天/>,0.0,0.0,0.0,5.0,REWARD_MODE_ALL,1.0,0.0,0.0,0.0,0.0,0.0,0.0,0.0,0.0,0.0,0.0,0.0,0.0,0.0,0.0,0.0,0.0,5.0,0.0,0.0
6.0000124e7,100009.0,NULL,QUEST_LOGIN,累计登录【4·天】,<t2 累计登录/>,<t2 累计登录6天/>,0.0,0.0,0.0,6.0,REWARD_MODE_ALL,1.0,0.0,0.0,0.0,0.0,0.0,0.0,0.0,0.0,0.0,0.0,0.0,0.0,0.0,0.0,0.0,0.0,6.0,0.0,0.0
6.0000125e7,100009.0,NULL,QUEST_LOGIN,累计登录【4·天】,<t2 累计登录/>,<t2 累计登录7天/>,0.0,0.0,0.0,7.0,REWARD_MODE_ALL,1.0,0.0,0.0,0.0,0.0,0.0,0.0,0.0,0.0,0.0,0.0,0.0,0.0,0.0,0.0,0.0,0.0,7.0,0.0,0.0
6.0000126e7,100010.0,NULL,QUEST_LOGIN,累计登录【4·天】,<t2 累计登录/>,<t2 累计登录1天/>,0.0,0.0,0.0,8.0,REWARD_MODE_ALL,1.0,0.0,0.0,0.0,0.0,0.0,0.0,0.0,0.0,0.0,0.0,0.0,0.0,0.0,0.0,0.0,0.0,1.0,0.0,0.0
6.0000127e7,100010.0,NULL,QUEST_LOGIN,累计登录【4·天】,<t2 累计登录/>,<t2 累计登录2天/>,0.0,0.0,0.0,9.0,REWARD_MODE_ALL,1.0,0.0,0.0,0.0,0.0,0.0,0.0,0.0,0.0,0.0,0.0,0.0,0.0,0.0,0.0,0.0,0.0,2.0,0.0,0.0
6.0000128e7,100010.0,NULL,QUEST_LOGIN,累计登录【4·天】,<t2 累计登录/>,<t2 累计登录3天/>,0.0,0.0,0.0,10.0,REWARD_MODE_ALL,1.0,0.0,0.0,0.0,0.0,0.0,0.0,0.0,0.0,0.0,0.0,0.0,0.0,0.0,0.0,0.0,0.0,3.0,0.0,0.0
6.0000129e7,100010.0,NULL,QUEST_LOGIN,累计登录【4·天】,<t2 累计登录/>,<t2 累计登录4天/>,0.0,0.0,0.0,11.0,REWARD_MODE_ALL,1.0,0.0,0.0,0.0,0.0,0.0,0.0,0.0,0.0,0.0,0.0,0.0,0.0,0.0,0.0,0.0,0.0,4.0,0.0,0.0
6.000013e7,100010.0,NULL,QUEST_LOGIN,累计登录【4·天】,<t2 累计登录/>,<t2 累计登录5天/>,0.0,0.0,0.0,12.0,REWARD_MODE_ALL,1.0,0.0,0.0,0.0,0.0,0.0,0.0,0.0,0.0,0.0,0.0,0.0,0.0,0.0,0.0,0.0,0.0,5.0,0.0,0.0
6.0000131e7,100010.0,NULL,QUEST_LOGIN,累计登录【4·天】,<t2 累计登录/>,<t2 累计登录6天/>,0.0,0.0,0.0,13.0,REWARD_MODE_ALL,1.0,0.0,0.0,0.0,0.0,0.0,0.0,0.0,0.0,0.0,0.0,0.0,0.0,0.0,0.0,0.0,0.0,6.0,0.0,0.0
6.0000132e7,100010.0,NULL,QUEST_LOGIN,累计登录【4·天】,<t2 累计登录/>,<t2 累计登录7天/>,0.0,0.0,0.0,14.0,REWARD_MODE_ALL,1.0,0.0,0.0,0.0,0.0,0.0,0.0,0.0,0.0,0.0,0.0,0.0,0.0,0.0,0.0,0.0,0.0,7.0,0.0,0.0
6.0000133e7,100011.0,NULL,QUEST_LOGIN,累计登录【4·天】,<t2 累计登录/>,<t2 累计登录1天/>,0.0,0.0,0.0,15.0,REWARD_MODE_ALL,1.0,0.0,0.0,0.0,0.0,0.0,0.0,0.0,0.0,0.0,0.0,0.0,0.0,0.0,0.0,0.0,0.0,1.0,0.0,0.0
6.0000134e7,100011.0,NULL,QUEST_LOGIN,累计登录【4·天】,<t2 累计登录/>,<t2 累计登录2天/>,0.0,0.0,0.0,16.0,REWARD_MODE_ALL,1.0,0.0,0.0,0.0,0.0,0.0,0.0,0.0,0.0,0.0,0.0,0.0,0.0,0.0,0.0,0.0,0.0,2.0,0.0,0.0
6.0000135e7,100011.0,NULL,QUEST_LOGIN,累计登录【4·天】,<t2 累计登录/>,<t2 累计登录3天/>,0.0,0.0,0.0,17.0,REWARD_MODE_ALL,1.0,0.0,0.0,0.0,0.0,0.0,0.0,0.0,0.0,0.0,0.0,0.0,0.0,0.0,0.0,0.0,0.0,3.0,0.0,0.0
6.0000136e7,100011.0,NULL,QUEST_LOGIN,累计登录【4·天】,<t2 累计登录/>,<t2 累计登录4天/>,0.0,0.0,0.0,18.0,REWARD_MODE_ALL,1.0,0.0,0.0,0.0,0.0,0.0,0.0,0.0,0.0,0.0,0.0,0.0,0.0,0.0,0.0,0.0,0.0,4.0,0.0,0.0
6.0000137e7,100011.0,NULL,QUEST_LOGIN,累计登录【4·天】,<t2 累计登录/>,<t2 累计登录5天/>,0.0,0.0,0.0,19.0,REWARD_MODE_ALL,1.0,0.0,0.0,0.0,0.0,0.0,0.0,0.0,0.0,0.0,0.0,0.0,0.0,0.0,0.0,0.0,0.0,5.0,0.0,0.0
6.0000138e7,100011.0,NULL,QUEST_LOGIN,累计登录【4·天】,<t2 累计登录/>,<t2 累计登录6天/>,0.0,0.0,0.0,20.0,REWARD_MODE_ALL,1.0,0.0,0.0,0.0,0.0,0.0,0.0,0.0,0.0,0.0,0.0,0.0,0.0,0.0,0.0,0.0,0.0,6.0,0.0,0.0
6.0000139e7,100011.0,NULL,QUEST_LOGIN,累计登录【4·天】,<t2 累计登录/>,<t2 累计登录7天/>,0.0,0.0,0.0,21.0,REWARD_MODE_ALL,1.0,0.0,0.0,0.0,0.0,0.0,0.0,0.0,0.0,0.0,0.0,0.0,0.0,0.0,0.0,0.0,0.0,7.0,0.0,0.0
6.000014e7,100012.0,NULL,QUEST_LOGIN,累计登录【4·天】,<t2 累计登录/>,<t2 累计登录1天/>,0.0,0.0,0.0,22.0,REWARD_MODE_ALL,1.0,0.0,0.0,0.0,0.0,0.0,0.0,0.0,0.0,0.0,0.0,0.0,0.0,0.0,0.0,0.0,0.0,1.0,0.0,0.0
6.0000141e7,100012.0,NULL,QUEST_LOGIN,累计登录【4·天】,<t2 累计登录/>,<t2 累计登录2天/>,0.0,0.0,0.0,23.0,REWARD_MODE_ALL,1.0,0.0,0.0,0.0,0.0,0.0,0.0,0.0,0.0,0.0,0.0,0.0,0.0,0.0,0.0,0.0,0.0,2.0,0.0,0.0
6.0000142e7,100012.0,NULL,QUEST_LOGIN,累计登录【4·天】,<t2 累计登录/>,<t2 累计登录3天/>,0.0,0.0,0.0,24.0,REWARD_MODE_ALL,1.0,0.0,0.0,0.0,0.0,0.0,0.0,0.0,0.0,0.0,0.0,0.0,0.0,0.0,0.0,0.0,0.0,3.0,0.0,0.0
6.0000143e7,100012.0,NULL,QUEST_LOGIN,累计登录【4·天】,<t2 累计登录/>,<t2 累计登录4天/>,0.0,0.0,0.0,25.0,REWARD_MODE_ALL,1.0,0.0,0.0,0.0,0.0,0.0,0.0,0.0,0.0,0.0,0.0,0.0,0.0,0.0,0.0,0.0,0.0,4.0,0.0,0.0
6.0000144e7,100012.0,NULL,QUEST_LOGIN,累计登录【4·天】,<t2 累计登录/>,<t2 累计登录5天/>,0.0,0.0,0.0,26.0,REWARD_MODE_ALL,1.0,0.0,0.0,0.0,0.0,0.0,0.0,0.0,0.0,0.0,0.0,0.0,0.0,0.0,0.0,0.0,0.0,5.0,0.0,0.0
6.0000145e7,100012.0,NULL,QUEST_LOGIN,累计登录【4·天】,<t2 累计登录/>,<t2 累计登录6天/>,0.0,0.0,0.0,27.0,REWARD_MODE_ALL,1.0,0.0,0.0,0.0,0.0,0.0,0.0,0.0,0.0,0.0,0.0,0.0,0.0,0.0,0.0,0.0,0.0,6.0,0.0,0.0
6.0000146e7,100012.0,NULL,QUEST_LOGIN,累计登录【4·天】,<t2 累计登录/>,<t2 累计登录7天/>,0.0,0.0,0.0,28.0,REWARD_MODE_ALL,1.0,0.0,0.0,0.0,0.0,0.0,0.0,0.0,0.0,0.0,0.0,0.0,0.0,0.0,0.0,0.0,0.0,7.0,0.0,0.0
6.0000147e7,100013.0,NULL,QUEST_WARLORD,消灭【2·等级】级以上的军阀【4·次】次,消灭军阀,<t2 消灭10级以上军阀10次/>,0.0,10.0,EQUAL_GREATER,10.0,REWARD_MODE_ALL,1.0,0.0,0.0,0.0,0.0,0.0,0.0,0.0,0.0,0.0,0.0,0.0,0.0,0.0,0.0,0.0,0.0,1.0,0.0,0.0
6.0000148e7,100013.0,NULL,QUEST_WARLORD,消灭【2·等级】级以上的军阀【4·次】次,消灭军阀,<t2 消灭10级以上军阀20次/>,0.0,10.0,EQUAL_GREATER,20.0,REWARD_MODE_ALL,1.0,0.0,0.0,0.0,0.0,0.0,0.0,0.0,0.0,0.0,0.0,0.0,0.0,0.0,0.0,0.0,0.0,2.0,0.0,0.0
6.0000149e7,100013.0,NULL,QUEST_WARLORD,消灭【2·等级】级以上的军阀【4·次】次,消灭军阀,<t2 消灭10级以上军阀30次/>,0.0,10.0,EQUAL_GREATER,30.0,REWARD_MODE_ALL,1.0,0.0,0.0,0.0,0.0,0.0,0.0,0.0,0.0,0.0,0.0,0.0,0.0,0.0,0.0,0.0,0.0,3.0,0.0,0.0
6.000015e7,100013.0,NULL,QUEST_WARLORD,消灭【2·等级】级以上的军阀【4·次】次,消灭军阀,<t2 消灭20级以上军阀40次/>,0.0,20.0,EQUAL_GREATER,40.0,REWARD_MODE_ALL,1.0,0.0,0.0,0.0,0.0,0.0,0.0,0.0,0.0,0.0,0.0,0.0,0.0,0.0,0.0,0.0,0.0,4.0,0.0,0.0
6.0000151e7,100013.0,NULL,QUEST_WARLORD,消灭【2·等级】级以上的军阀【4·次】次,消灭军阀,<t2 消灭20级以上军阀50次/>,0.0,20.0,EQUAL_GREATER,50.0,REWARD_MODE_ALL,1.0,0.0,0.0,0.0,0.0,0.0,0.0,0.0,0.0,0.0,0.0,0.0,0.0,0.0,0.0,0.0,0.0,5.0,0.0,0.0
6.0000152e7,100013.0,NULL,QUEST_WARLORD,消灭【2·等级】级以上的军阀【4·次】次,消灭军阀,<t2 消灭20级以上军阀60次/>,0.0,20.0,EQUAL_GREATER,60.0,REWARD_MODE_ALL,1.0,0.0,0.0,0.0,0.0,0.0,0.0,0.0,0.0,0.0,0.0,0.0,0.0,0.0,0.0,0.0,0.0,6.0,0.0,0.0
6.0000153e7,100013.0,NULL,QUEST_WARLORD,消灭【2·等级】级以上的军阀【4·次】次,消灭军阀,<t2 消灭20级以上军阀70次/>,0.0,20.0,EQUAL_GREATER,70.0,REWARD_MODE_ALL,1.0,0.0,0.0,0.0,0.0,0.0,0.0,0.0,0.0,0.0,0.0,0.0,0.0,0.0,0.0,0.0,0.0,7.0,0.0,0.0
6.0000154e7,100014.0,NULL,QUEST_TRAIN_TROOPS,生产【4·数量】个【2·等级】级以上的【1·部队类型】,空军训练,<t2 训练并收取5000个6级以上任意空中部队>,AIR_TROOPS,6.0,EQUAL_GREATER,5000.0,REWARD_MODE_ALL,1.0,0.0,0.0,0.0,0.0,0.0,0.0,0.0,0.0,0.0,0.0,0.0,0.0,0.0,0.0,0.0,0.0,12.0,0.0,0.0
6.0000155e7,100014.0,NULL,QUEST_TRAIN_TROOPS,生产【4·数量】个【2·等级】级以上的【1·部队类型】,空军训练,<t2 训练并收取8000个8级以上任意空中部队>,AIR_TROOPS,8.0,EQUAL_GREATER,8000.0,REWARD_MODE_ALL,1.0,0.0,0.0,0.0,0.0,0.0,0.0,0.0,0.0,0.0,0.0,0.0,0.0,0.0,0.0,0.0,0.0,12.0,0.0,0.0
6.0000156e7,100014.0,NULL,QUEST_TRAIN_TROOPS,生产【4·数量】个【2·等级】级以上的【1·部队类型】,机动部队训练,<t2 训练并收取5000个6级以上任意机动部队>,MOBILE_TROOPS,6.0,EQUAL_GREATER,5000.0,REWARD_MODE_ALL,1.0,0.0,0.0,0.0,0.0,0.0,0.0,0.0,0.0,0.0,0.0,0.0,0.0,0.0,0.0,0.0,0.0,12.0,0.0,0.0
6.0000157e7,100014.0,NULL,QUEST_TRAIN_TROOPS,生产【4·数量】个【2·等级】级以上的【1·部队类型】,机动部队训练,<t2 训练并收取8000个8级以上任意机动部队>,MOBILE_TROOPS,8.0,EQUAL_GREATER,8000.0,REWARD_MODE_ALL,1.0,0.0,0.0,0.0,0.0,0.0,0.0,0.0,0.0,0.0,0.0,0.0,0.0,0.0,0.0,0.0,0.0,12.0,0.0,0.0
6.0000158e7,100014.0,NULL,QUEST_TRAIN_TROOPS,生产【4·数量】个【2·等级】级以上的【1·部队类型】,坦克训练,<t2 训练并收取5000个6级以上任意坦克部队>,TANK_TROOPS,6.0,EQUAL_GREATER,5000.0,REWARD_MODE_ALL,1.0,0.0,0.0,0.0,0.0,0.0,0.0,0.0,0.0,0.0,0.0,0.0,0.0,0.0,0.0,0.0,0.0,12.0,0.0,0.0
6.0000159e7,100014.0,NULL,QUEST_TRAIN_TROOPS,生产【4·数量】个【2·等级】级以上的【1·部队类型】,坦克训练,<t2 训练并收取8000个8级以上任意坦克部队>,TANK_TROOPS,8.0,EQUAL_GREATER,8000.0,REWARD_MODE_ALL,1.0,0.0,0.0,0.0,0.0,0.0,0.0,0.0,0.0,0.0,0.0,0.0,0.0,0.0,0.0,0.0,0.0,12.0,0.0,0.0
6.000016e7,100014.0,NULL,QUEST_TRAIN_TROOPS,生产【4·数量】个【2·等级】级以上的【1·部队类型】,火炮部队训练,<t2 训练并收取5000个6级以上任意火炮部队>,ARTILLERY_TROOPS,6.0,EQUAL_GREATER,5000.0,REWARD_MODE_ALL,1.0,0.0,0.0,0.0,0.0,0.0,0.0,0.0,0.0,0.0,0.0,0.0,0.0,0.0,0.0,0.0,0.0,12.0,0.0,0.0
6.0000161e7,100014.0,NULL,QUEST_TRAIN_TROOPS,生产【4·数量】个【2·等级】级以上的【1·部队类型】,火炮部队训练,<t2 训练并收取8000个8级以上任意火炮部队>,ARTILLERY_TROOPS,8.0,EQUAL_GREATER,8000.0,REWARD_MODE_ALL,1.0,0.0,0.0,0.0,0.0,0.0,0.0,0.0,0.0,0.0,0.0,0.0,0.0,0.0,0.0,0.0,0.0,12.0,0.0,0.0
6.0000162e7,100015.0,NULL,QUEST_EXPEND,消耗【1·道具类型】次数【4·数量】,累计消耗有礼,<t2 累计消费1000黄金)/>,GOLD,0.0,0.0,1000.0,REWARD_MODE_ALL,1.0,0.0,0.0,0.0,0.0,0.0,0.0,0.0,0.0,0.0,0.0,0.0,0.0,0.0,0.0,0.0,0.0,1.0,0.0,0.0
6.0000163e7,100015.0,NULL,QUEST_EXPEND,消耗【1·道具类型】次数【4·数量】,累计消耗有礼,<t2 累计消费2500黄金)/>,GOLD,0.0,0.0,2500.0,REWARD_MODE_ALL,1.0,0.0,0.0,0.0,0.0,0.0,0.0,0.0,0.0,0.0,0.0,0.0,0.0,0.0,0.0,0.0,0.0,2.0,0.0,0.0
6.0000164e7,100015.0,NULL,QUEST_EXPEND,消耗【1·道具类型】次数【4·数量】,累计消耗有礼,<t2 累计消费4000黄金)/>,GOLD,0.0,0.0,4000.0,REWARD_MODE_ALL,1.0,0.0,0.0,0.0,0.0,0.0,0.0,0.0,0.0,0.0,0.0,0.0,0.0,0.0,0.0,0.0,0.0,3.0,0.0,0.0
6.0000165e7,100015.0,NULL,QUEST_EXPEND,消耗【1·道具类型】次数【4·数量】,累计消耗有礼,<t2 累计消费6000黄金)/>,GOLD,0.0,0.0,6000.0,REWARD_MODE_ALL,1.0,0.0,0.0,0.0,0.0,0.0,0.0,0.0,0.0,0.0,0.0,0.0,0.0,0.0,0.0,0.0,0.0,4.0,0.0,0.0
6.0000166e7,100015.0,NULL,QUEST_EXPEND,消耗【1·道具类型】次数【4·数量】,累计消耗有礼,<t2 累计消费8000黄金)/>,GOLD,0.0,0.0,8000.0,REWARD_MODE_ALL,1.0,0.0,0.0,0.0,0.0,0.0,0.0,0.0,0.0,0.0,0.0,0.0,0.0,0.0,0.0,0.0,0.0,5.0,0.0,0.0
6.0000167e7,100015.0,NULL,QUEST_EXPEND,消耗【1·道具类型】次数【4·数量】,累计消耗有礼,<t2 累计消费12000黄金)/>,GOLD,0.0,0.0,12000.0,REWARD_MODE_ALL,1.0,0.0,0.0,0.0,0.0,0.0,0.0,0.0,0.0,0.0,0.0,0.0,0.0,0.0,0.0,0.0,0.0,6.0,0.0,0.0
6.0000168e7,100015.0,NULL,QUEST_EXPEND,消耗【1·道具类型】次数【4·数量】,累计消耗有礼,<t2 累计消费18000黄金)/>,GOLD,0.0,0.0,18000.0,REWARD_MODE_ALL,1.0,0.0,0.0,0.0,0.0,0.0,0.0,0.0,0.0,0.0,0.0,0.0,0.0,0.0,0.0,0.0,0.0,7.0,0.0,0.0
6.0000169e7,100015.0,NULL,QUEST_EXPEND,消耗【1·道具类型】次数【4·数量】,累计消耗有礼,<t2 累计消费25000黄金)/>,GOLD,0.0,0.0,25000.0,REWARD_MODE_ALL,1.0,0.0,0.0,0.0,0.0,0.0,0.0,0.0,0.0,0.0,0.0,0.0,0.0,0.0,0.0,0.0,0.0,8.0,0.0,0.0
6.000017e7,100016.0,NULL,QUEST_SPEEDUP_TIME,累计使用【1·类别】加速道具【4·秒】秒,累计使用加速道具,<t2 累计使用加速道具80分钟/>,ALL,0.0,0.0,4800.0,REWARD_MODE_ALL,1.0,0.0,0.0,0.0,0.0,0.0,0.0,0.0,0.0,0.0,0.0,0.0,0.0,0.0,0.0,0.0,0.0,1.0,0.0,0.0
6.0000171e7,100016.0,NULL,QUEST_SPEEDUP_TIME,累计使用【1·类别】加速道具【4·秒】秒,累计使用加速道具,<t2 累计使用通用加速道具90分钟/>,SPEEDUP_COMMON,0.0,0.0,5400.0,REWARD_MODE_ALL,1.0,0.0,0.0,0.0,0.0,0.0,0.0,0.0,0.0,0.0,0.0,0.0,0.0,0.0,0.0,0.0,0.0,2.0,0.0,0.0
6.0000172e7,100016.0,NULL,QUEST_SPEEDUP_TIME,累计使用【1·类别】加速道具【4·秒】秒,累计使用加速道具,<t2 累计使用建筑加速道具100分钟/>,SPEEDUP_BUILD,0.0,0.0,6000.0,REWARD_MODE_ALL,1.0,0.0,0.0,0.0,0.0,0.0,0.0,0.0,0.0,0.0,0.0,0.0,0.0,0.0,0.0,0.0,0.0,3.0,0.0,0.0
6.0000173e7,100016.0,NULL,QUEST_SPEEDUP_TIME,累计使用【1·类别】加速道具【4·秒】秒,累计使用加速道具,<t2 累计使用科研加速道具110分钟/>,SPEEDUP_TECH,0.0,0.0,6600.0,REWARD_MODE_ALL,1.0,0.0,0.0,0.0,0.0,0.0,0.0,0.0,0.0,0.0,0.0,0.0,0.0,0.0,0.0,0.0,0.0,4.0,0.0,0.0
6.0000174e7,100016.0,NULL,QUEST_SPEEDUP_TIME,累计使用【1·类别】加速道具【4·秒】秒,累计使用加速道具,<t2 累计使用造兵加速道具120分钟/>,SPEEDUP_RECRUIT,0.0,0.0,7200.0,REWARD_MODE_ALL,1.0,0.0,0.0,0.0,0.0,0.0,0.0,0.0,0.0,0.0,0.0,0.0,0.0,0.0,0.0,0.0,0.0,5.0,0.0,0.0
6.0000175e7,100016.0,NULL,QUEST_SPEEDUP_TIME,累计使用【1·类别】加速道具【4·秒】秒,累计使用加速道具,<t2 累计使用维修加速道具130分钟/>,SPEEDUP_REPAIR,0.0,0.0,7800.0,REWARD_MODE_ALL,1.0,0.0,0.0,0.0,0.0,0.0,0.0,0.0,0.0,0.0,0.0,0.0,0.0,0.0,0.0,0.0,0.0,6.0,0.0,0.0
6.0000176e7,100016.0,NULL,QUEST_SPEEDUP_TIME,累计使用【1·类别】加速道具【4·秒】秒,累计使用加速道具,<t2 累计使用防御武器加速加速道具140分钟/>,SPEEDUP_DEFENCE,0.0,0.0,8400.0,REWARD_MODE_ALL,1.0,0.0,0.0,0.0,0.0,0.0,0.0,0.0,0.0,0.0,0.0,0.0,0.0,0.0,0.0,0.0,0.0,7.0,0.0,0.0
6.0000177e7,100016.0,NULL,QUEST_SPEEDUP_TIME,累计使用【1·类别】加速道具【4·秒】秒,累计使用加速道具,<t2 累计使用加速道具150分钟/>,ALL,0.0,0.0,9000.0,REWARD_MODE_ALL,1.0,0.0,0.0,0.0,0.0,0.0,0.0,0.0,0.0,0.0,0.0,0.0,0.0,0.0,0.0,0.0,0.0,8.0,0.0,0.0
6.0000178e7,100016.0,NULL,QUEST_SPEEDUP_TIME,累计使用【1·类别】加速道具【4·秒】秒,累计使用加速道具,<t2 累计使用加速道具160分钟/>,ALL,0.0,0.0,9600.0,REWARD_MODE_ALL,1.0,0.0,0.0,0.0,0.0,0.0,0.0,0.0,0.0,0.0,0.0,0.0,0.0,0.0,0.0,0.0,0.0,9.0,0.0,0.0
6.0000179e7,100017.0,NULL,QUEST_GAMBLE_LOTTERY,赌场普通抽奖【4·次】次,赌场,<t2赌场普通抽奖10次>,0.0,0.0,0.0,10.0,REWARD_MODE_ALL,1.0,0.0,0.0,0.0,0.0,0.0,0.0,0.0,0.0,0.0,0.0,0.0,0.0,0.0,0.0,0.0,0.0,1.0,0.0,0.0
6.000018e7,100017.0,NULL,QUEST_GAMBLE_ADV_LOTTERY,赌场高级抽奖【4·次】次,赌场,<t2赌场普通抽奖20次>,0.0,0.0,0.0,20.0,REWARD_MODE_ALL,1.0,0.0,0.0,0.0,0.0,0.0,0.0,0.0,0.0,0.0,0.0,0.0,0.0,0.0,0.0,0.0,0.0,2.0,0.0,0.0
6.0000181e7,100017.0,NULL,QUEST_GAMBLE_LOTTERY,赌场普通抽奖【4·次】次,赌场,<t2赌场普通抽奖30次>,0.0,0.0,0.0,30.0,REWARD_MODE_ALL,1.0,0.0,0.0,0.0,0.0,0.0,0.0,0.0,0.0,0.0,0.0,0.0,0.0,0.0,0.0,0.0,0.0,3.0,0.0,0.0
6.0000182e7,100017.0,NULL,QUEST_GAMBLE_ADV_LOTTERY,赌场高级抽奖【4·次】次,赌场,<t2赌场高级抽奖40次>,0.0,0.0,0.0,40.0,REWARD_MODE_ALL,1.0,0.0,0.0,0.0,0.0,0.0,0.0,0.0,0.0,0.0,0.0,0.0,0.0,0.0,0.0,0.0,0.0,4.0,0.0,0.0
6.0000183e7,100017.0,NULL,QUEST_GAMBLE_LOTTERY,赌场普通抽奖【4·次】次,赌场,<t2赌场高级抽奖50次>,0.0,0.0,0.0,50.0,REWARD_MODE_ALL,1.0,0.0,0.0,0.0,0.0,0.0,0.0,0.0,0.0,0.0,0.0,0.0,0.0,0.0,0.0,0.0,0.0,5.0,0.0,0.0
6.0000184e7,100017.0,NULL,QUEST_GAMBLE_ADV_LOTTERY,赌场高级抽奖【4·次】次,赌场,<t2赌场高级抽奖60次>,0.0,0.0,0.0,60.0,REWARD_MODE_ALL,1.0,0.0,0.0,0.0,0.0,0.0,0.0,0.0,0.0,0.0,0.0,0.0,0.0,0.0,0.0,0.0,0.0,6.0,0.0,0.0
6.0000185e7,100018.0,NULL,QUEST_GACHA,普通招募【4·次】次,普通招募,<t2 普通招募10次>,0.0,0.0,0.0,10.0,REWARD_MODE_ALL,1.0,0.0,0.0,0.0,0.0,0.0,0.0,0.0,0.0,0.0,0.0,0.0,0.0,0.0,0.0,0.0,0.0,4.0,0.0,0.0
6.0000186e7,100018.0,NULL,QUEST_ADV_GACHA,高级招募【4·次】次,高级招募,<t2 高级招募10次>,0.0,0.0,0.0,10.0,REWARD_MODE_ALL,1.0,0.0,0.0,0.0,0.0,0.0,0.0,0.0,0.0,0.0,0.0,0.0,0.0,0.0,0.0,0.0,0.0,5.0,0.0,0.0
6.0000187e7,100018.0,NULL,QUEST_FRI_GACHA,友情招募【4·次】次,友情招募,<t2 友情招募10次>,0.0,0.0,0.0,10.0,REWARD_MODE_ALL,1.0,0.0,0.0,0.0,0.0,0.0,0.0,0.0,0.0,0.0,0.0,0.0,0.0,0.0,0.0,0.0,0.0,6.0,0.0,0.0
6.0000188e7,100018.0,NULL,QUEST_GACHA_HREO,招募【4·数量】名【2·星级】星英雄,招募指定星级英雄,<t2 招募10个4星英雄>,0.0,4.0,EQUAL,10.0,REWARD_MODE_ALL,1.0,0.0,0.0,0.0,0.0,0.0,0.0,0.0,0.0,0.0,0.0,0.0,0.0,0.0,0.0,0.0,0.0,4.0,0.0,0.0
6.0000189e7,100018.0,NULL,QUEST_GACHA_HREO,招募【4·数量】名【2·星级】星英雄,招募指定星级英雄,<t2 招募10个5星英雄>,0.0,5.0,EQUAL,10.0,REWARD_MODE_ALL,1.0,0.0,0.0,0.0,0.0,0.0,0.0,0.0,0.0,0.0,0.0,0.0,0.0,0.0,0.0,0.0,0.0,4.0,0.0,0.0
6.000019e7,100019.0,201.0,QUEST_LOOP_RES_PRODUCE,城内收集获得道具【1·每收集X重量资源】,城内收集,城内收集,5000.0,0.0,0.0,0.0,REWARD_MODE_ALL,0.0,0.0,0.0,0.0,0.0,0.0,0.0,0.0,0.0,0.0,0.0,0.0,0.0,0.0,0.0,0.0,0.0,1.0,0.0,0.0
6.0000191e7,100019.0,201.0,QUEST_LOOP_WARLORD,击败军阀获得道具【1·每击败X个军阀】,击败军阀,击败军阀,1.0,0.0,0.0,0.0,REWARD_MODE_ALL,0.0,0.0,0.0,0.0,0.0,0.0,0.0,0.0,0.0,0.0,0.0,0.0,0.0,0.0,0.0,0.0,0.0,2.0,0.0,0.0
6.0000192e7,100019.0,201.0,QUEST_LOOP_RES_COLLECT_LOAD,采集【1·资源类型】累计总量达到【4·重量】,野外采集,野外采集,5000.0,0.0,0.0,0.0,REWARD_MODE_ALL,0.0,0.0,0.0,0.0,0.0,0.0,0.0,0.0,0.0,0.0,0.0,0.0,0.0,0.0,0.0,0.0,0.0,3.0,0.0,0.0
6.0000193e7,100019.0,201.0,QUEST_LOOP_STRONGHOLD,攻打【2·等级】级以上据点胜利【4·次】次,攻占据点,攻占据点,1.0,0.0,0.0,0.0,REWARD_MODE_ALL,0.0,0.0,0.0,0.0,0.0,0.0,0.0,0.0,0.0,0.0,0.0,0.0,0.0,0.0,0.0,0.0,0.0,4.0,0.0,0.0
6.0000194e7,100019.0,201.0,QUEST_LOOP_SUPPLY,补给中心进行补给【4·次】次,补给中心,补给中心,1.0,0.0,0.0,0.0,REWARD_MODE_ALL,0.0,0.0,0.0,0.0,0.0,0.0,0.0,0.0,0.0,0.0,0.0,0.0,0.0,0.0,0.0,0.0,0.0,5.0,0.0,0.0
6.0000195e7,100019.0,202.0,QUEST_COLLECT_RANK,排名奖励 【1·需求道具】,<t37 第/><t92 1/><t37 名/>,<t2 活动结束后，战力排行榜前10的玩家可获得丰富奖励/>,100015.0,0.0,0.0,0.0,REWARD_MODE_ALL,1.0,0.0,0.0,0.0,0.0,0.0,0.0,0.0,0.0,0.0,0.0,0.0,0.0,0.0,0.0,1.0,5.0,6.0,0.0,0.0
6.0000196e7,100019.0,202.0,QUEST_COLLECT_RANK,排名奖励 【1·需求道具】,<t37 第/><t92 2/><t37 名/>,<t2 活动结束后，战力排行榜前10的玩家可获得丰富奖励/>,100015.0,0.0,0.0,0.0,REWARD_MODE_ALL,1.0,0.0,0.0,0.0,0.0,0.0,0.0,0.0,0.0,0.0,0.0,0.0,0.0,0.0,0.0,6.0,11.0,7.0,0.0,0.0
6.0000197e7,100019.0,202.0,QUEST_COLLECT_RANK,排名奖励 【1·需求道具】,<t37 第/><t92 3/><t37 名/>,<t2 活动结束后，战力排行榜前10的玩家可获得丰富奖励/>,100015.0,0.0,0.0,0.0,REWARD_MODE_ALL,1.0,0.0,0.0,0.0,0.0,0.0,0.0,0.0,0.0,0.0,0.0,0.0,0.0,0.0,0.0,12.0,17.0,8.0,0.0,0.0
6.0000198e7,100019.0,202.0,QUEST_COLLECT_RANK,排名奖励 【1·需求道具】,<t37 第/><t92 4/><t37 名/>,<t2 活动结束后，战力排行榜前10的玩家可获得丰富奖励/>,100015.0,0.0,0.0,0.0,REWARD_MODE_ALL,1.0,0.0,0.0,0.0,0.0,0.0,0.0,0.0,0.0,0.0,0.0,0.0,0.0,0.0,0.0,18.0,23.0,9.0,0.0,0.0
6.0000199e7,100019.0,202.0,QUEST_COLLECT_RANK,排名奖励 【1·需求道具】,<t37 第/><t92 5/><t37 名/>,<t2 活动结束后，战力排行榜前10的玩家可获得丰富奖励/>,100015.0,0.0,0.0,0.0,REWARD_MODE_ALL,1.0,0.0,0.0,0.0,0.0,0.0,0.0,0.0,0.0,0.0,0.0,0.0,0.0,0.0,0.0,24.0,29.0,10.0,0.0,0.0
6.00002e7,100019.0,202.0,QUEST_COLLECT_RANK,排名奖励 【1·需求道具】,<t37 第/><t92 6/><t37 名/>,<t2 活动结束后，战力排行榜前10的玩家可获得丰富奖励/>,100015.0,0.0,0.0,0.0,REWARD_MODE_ALL,1.0,0.0,0.0,0.0,0.0,0.0,0.0,0.0,0.0,0.0,0.0,0.0,0.0,0.0,0.0,30.0,35.0,11.0,0.0,0.0
6.0000201e7,100019.0,202.0,QUEST_COLLECT_RANK,排名奖励 【1·需求道具】,<t37 第/><t92 7/><t37 名/>,<t2 活动结束后，战力排行榜前10的玩家可获得丰富奖励/>,100015.0,0.0,0.0,0.0,REWARD_MODE_ALL,1.0,0.0,0.0,0.0,0.0,0.0,0.0,0.0,0.0,0.0,0.0,0.0,0.0,0.0,0.0,36.0,41.0,12.0,0.0,0.0
6.0000202e7,100019.0,202.0,QUEST_COLLECT_RANK,排名奖励 【1·需求道具】,<t37 第/><t92 8/><t37 名/>,<t2 活动结束后，战力排行榜前10的玩家可获得丰富奖励/>,100015.0,0.0,0.0,0.0,REWARD_MODE_ALL,1.0,0.0,0.0,0.0,0.0,0.0,0.0,0.0,0.0,0.0,0.0,0.0,0.0,0.0,0.0,42.0,47.0,13.0,0.0,0.0
6.0000203e7,100019.0,202.0,QUEST_COLLECT_RANK,排名奖励 【1·需求道具】,<t37 第/><t92 9/><t37 名/>,<t2 活动结束后，战力排行榜前10的玩家可获得丰富奖励/>,100015.0,0.0,0.0,0.0,REWARD_MODE_ALL,1.0,0.0,0.0,0.0,0.0,0.0,0.0,0.0,0.0,0.0,0.0,0.0,0.0,0.0,0.0,48.0,53.0,14.0,0.0,0.0
6.0000204e7,100019.0,202.0,QUEST_COLLECT_RANK,排名奖励 【1·需求道具】,<t37 第/><t92 10/><t37 名/>,<t2 活动结束后，战力排行榜前10的玩家可获得丰富奖励/>,100015.0,0.0,0.0,0.0,REWARD_MODE_ALL,1.0,0.0,0.0,0.0,0.0,0.0,0.0,0.0,0.0,0.0,0.0,0.0,0.0,0.0,0.0,54.0,59.0,15.0,0.0,0.0
6.0000205e7,100020.0,NULL,QUEST_EXCHANGE,物品兑换 【1·需求道具】【4·需求数量】,物品兑换,<t2 物品兑换/>,100015.0,0.0,0.0,10.0,REWARD_MODE_ALL,1.0,0.0,0.0,0.0,0.0,0.0,0.0,0.0,0.0,0.0,0.0,0.0,0.0,0.0,0.0,0.0,0.0,1.0,10.0,0.0
6.0000206e7,100020.0,NULL,QUEST_EXCHANGE,物品兑换 【1·需求道具】【4·需求数量】,物品兑换,<t2 物品兑换/>,100015.0,0.0,0.0,10.0,REWARD_MODE_ALL,1.0,0.0,0.0,0.0,0.0,0.0,0.0,0.0,0.0,0.0,0.0,0.0,0.0,0.0,0.0,0.0,0.0,2.0,8.0,0.0
6.0000207e7,100020.0,NULL,QUEST_EXCHANGE,物品兑换 【1·需求道具】【4·需求数量】,物品兑换,<t2 物品兑换/>,100015.0,0.0,0.0,10.0,REWARD_MODE_ALL,1.0,0.0,0.0,0.0,0.0,0.0,0.0,0.0,0.0,0.0,0.0,0.0,0.0,0.0,0.0,0.0,0.0,3.0,5.0,0.0
6.0000208e7,100020.0,NULL,QUEST_EXCHANGE,物品兑换 【1·需求道具】【4·需求数量】,物品兑换,<t2 物品兑换/>,100015.0,0.0,0.0,10.0,REWARD_MODE_ALL,1.0,0.0,0.0,0.0,0.0,0.0,0.0,0.0,0.0,0.0,0.0,0.0,0.0,0.0,0.0,0.0,0.0,4.0,3.0,0.0
6.0000209e7,100020.0,NULL,QUEST_EXCHANGE,物品兑换 【1·需求道具】【4·需求数量】,物品兑换,<t2 物品兑换/>,100015.0,0.0,0.0,10.0,REWARD_MODE_ALL,1.0,0.0,0.0,0.0,0.0,0.0,0.0,0.0,0.0,0.0,0.0,0.0,0.0,0.0,0.0,0.0,0.0,5.0,1.0,0.0
6.000021e7,100020.0,NULL,QUEST_EXCHANGE,物品兑换 【1·需求道具】【4·需求数量】,物品兑换,<t2 物品兑换/>,100015.0,0.0,0.0,10.0,REWARD_MODE_ALL,1.0,0.0,0.0,0.0,0.0,0.0,0.0,0.0,0.0,0.0,0.0,0.0,0.0,0.0,0.0,0.0,0.0,6.0,0.0,0.0
6.0000211e7,100020.0,NULL,QUEST_EXCHANGE,物品兑换 【1·需求道具】【4·需求数量】,物品兑换,<t2 物品兑换/>,100015.0,0.0,0.0,10.0,REWARD_MODE_ALL,1.0,0.0,0.0,0.0,0.0,0.0,0.0,0.0,0.0,0.0,0.0,0.0,0.0,0.0,0.0,0.0,0.0,7.0,0.0,0.0
6.0000212e7,100020.0,NULL,QUEST_EXCHANGE,物品兑换 【1·需求道具】【4·需求数量】,物品兑换,<t2 物品兑换/>,100015.0,0.0,0.0,10.0,REWARD_MODE_ALL,2.0,0.0,0.0,0.0,0.0,0.0,0.0,0.0,0.0,0.0,0.0,0.0,0.0,0.0,0.0,0.0,0.0,8.0,0.0,0.0
6.0000213e7,100020.0,NULL,QUEST_EXCHANGE,物品兑换 【1·需求道具】【4·需求数量】,物品兑换,<t2 物品兑换/>,100015.0,0.0,0.0,10.0,REWARD_MODE_ALL,8.0,0.0,0.0,0.0,0.0,0.0,0.0,0.0,0.0,0.0,0.0,0.0,0.0,0.0,0.0,0.0,0.0,9.0,0.0,0.0
6.0000214e7,100020.0,NULL,QUEST_EXCHANGE,物品兑换 【1·需求道具】【4·需求数量】,物品兑换,<t2 物品兑换/>,100015.0,0.0,0.0,10.0,REWARD_MODE_ALL,8.0,0.0,0.0,0.0,0.0,0.0,0.0,0.0,0.0,0.0,0.0,0.0,0.0,0.0,0.0,0.0,0.0,10.0,0.0,0.0
6.0000215e7,100020.0,NULL,QUEST_EXCHANGE,物品兑换 【1·需求道具】【4·需求数量】,物品兑换,<t2 物品兑换/>,100015.0,0.0,0.0,10.0,REWARD_MODE_ALL,8.0,0.0,0.0,0.0,0.0,0.0,0.0,0.0,0.0,0.0,0.0,0.0,0.0,0.0,0.0,0.0,0.0,11.0,0.0,0.0
6.0000216e7,100020.0,NULL,QUEST_EXCHANGE,物品兑换 【1·需求道具】【4·需求数量】,物品兑换,<t2 物品兑换/>,100015.0,0.0,0.0,10.0,REWARD_MODE_ALL,8.0,0.0,0.0,0.0,0.0,0.0,0.0,0.0,0.0,0.0,0.0,0.0,0.0,0.0,0.0,0.0,0.0,12.0,0.0,0.0
6.0000217e7,100020.0,NULL,QUEST_EXCHANGE,物品兑换 【1·需求道具】【4·需求数量】,物品兑换,<t2 物品兑换/>,100015.0,0.0,0.0,10.0,REWARD_MODE_ALL,8.0,0.0,0.0,0.0,0.0,0.0,0.0,0.0,0.0,0.0,0.0,0.0,0.0,0.0,0.0,0.0,0.0,13.0,0.0,0.0
6.0000218e7,100020.0,NULL,QUEST_EXCHANGE,物品兑换 【1·需求道具】【4·需求数量】,物品兑换,<t2 物品兑换/>,100015.0,0.0,0.0,10.0,REWARD_MODE_ALL,5.0,0.0,0.0,0.0,0.0,0.0,0.0,0.0,0.0,0.0,0.0,0.0,0.0,0.0,0.0,0.0,0.0,14.0,0.0,0.0
6.0000219e7,100020.0,NULL,QUEST_EXCHANGE,物品兑换 【1·需求道具】【4·需求数量】,物品兑换,<t2 物品兑换/>,100015.0,0.0,0.0,10.0,REWARD_MODE_ALL,5.0,0.0,0.0,0.0,0.0,0.0,0.0,0.0,0.0,0.0,0.0,0.0,0.0,0.0,0.0,0.0,0.0,15.0,0.0,0.0
6.000022e7,100020.0,NULL,QUEST_EXCHANGE,物品兑换 【1·需求道具】【4·需求数量】,物品兑换,<t2 物品兑换/>,100015.0,0.0,0.0,10.0,REWARD_MODE_ALL,5.0,0.0,0.0,0.0,0.0,0.0,0.0,0.0,0.0,0.0,0.0,0.0,0.0,0.0,0.0,0.0,0.0,16.0,0.0,0.0
6.0000221e7,100020.0,NULL,QUEST_EXCHANGE,物品兑换 【1·需求道具】【4·需求数量】,物品兑换,<t2 物品兑换/>,100015.0,0.0,0.0,10.0,REWARD_MODE_ALL,5.0,0.0,0.0,0.0,0.0,0.0,0.0,0.0,0.0,0.0,0.0,0.0,0.0,0.0,0.0,0.0,0.0,17.0,0.0,0.0
6.0000222e7,100020.0,NULL,QUEST_EXCHANGE,物品兑换 【1·需求道具】【4·需求数量】,物品兑换,<t2 物品兑换/>,100015.0,0.0,0.0,10.0,REWARD_MODE_ALL,10.0,0.0,0.0,0.0,0.0,0.0,0.0,0.0,0.0,0.0,0.0,0.0,0.0,0.0,0.0,0.0,0.0,18.0,0.0,0.0
6.0000223e7,100020.0,NULL,QUEST_EXCHANGE,物品兑换 【1·需求道具】【4·需求数量】,物品兑换,<t2 物品兑换/>,100015.0,0.0,0.0,10.0,REWARD_MODE_ALL,10.0,0.0,0.0,0.0,0.0,0.0,0.0,0.0,0.0,0.0,0.0,0.0,0.0,0.0,0.0,0.0,0.0,19.0,0.0,0.0
6.0000224e7,100020.0,NULL,QUEST_EXCHANGE,物品兑换 【1·需求道具】【4·需求数量】,物品兑换,<t2 物品兑换/>,100015.0,0.0,0.0,10.0,REWARD_MODE_ALL,20.0,0.0,0.0,0.0,0.0,0.0,0.0,0.0,0.0,0.0,0.0,0.0,0.0,0.0,0.0,0.0,0.0,20.0,0.0,0.0
6.0000225e7,100020.0,NULL,QUEST_EXCHANGE,物品兑换 【1·需求道具】【4·需求数量】,物品兑换,<t2 物品兑换/>,100015.0,0.0,0.0,10.0,REWARD_MODE_ALL,20.0,0.0,0.0,0.0,0.0,0.0,0.0,0.0,0.0,0.0,0.0,0.0,0.0,0.0,0.0,0.0,0.0,21.0,0.0,0.0
6.0000226e7,100020.0,NULL,QUEST_EXCHANGE,物品兑换 【1·需求道具】【4·需求数量】,物品兑换,<t2 物品兑换/>,100015.0,0.0,0.0,10.0,REWARD_MODE_ALL,20.0,0.0,0.0,0.0,0.0,0.0,0.0,0.0,0.0,0.0,0.0,0.0,0.0,0.0,0.0,0.0,0.0,22.0,0.0,0.0
6.0000227e7,100021.0,301.0,QUEST_POWER_UP,战斗力提升【4·数量】点（不计算伤兵恢复）,总战力提升,无,0.0,0.0,0.0,40000.0,REWARD_MODE_ALL,1.0,0.0,0.0,0.0,0.0,0.0,0.0,0.0,0.0,0.0,0.0,0.0,0.0,0.0,0.0,0.0,0.0,1.0,0.0,0.0
6.0000228e7,100021.0,301.0,QUEST_POWER_UP,战斗力提升【4·数量】点（不计算伤兵恢复）,总战力提升,无,0.0,0.0,0.0,80000.0,REWARD_MODE_ALL,1.0,0.0,0.0,0.0,0.0,0.0,0.0,0.0,0.0,0.0,0.0,0.0,0.0,0.0,0.0,0.0,0.0,2.0,0.0,0.0
6.0000229e7,100021.0,301.0,QUEST_POWER_UP,战斗力提升【4·数量】点（不计算伤兵恢复）,总战力提升,无,0.0,0.0,0.0,120000.0,REWARD_MODE_ALL,1.0,0.0,0.0,0.0,0.0,0.0,0.0,0.0,0.0,0.0,0.0,0.0,0.0,0.0,0.0,0.0,0.0,3.0,0.0,0.0
6.000023e7,100021.0,301.0,QUEST_POWER_UP,战斗力提升【4·数量】点（不计算伤兵恢复）,总战力提升,无,0.0,0.0,0.0,160000.0,REWARD_MODE_ALL,1.0,0.0,0.0,0.0,0.0,0.0,0.0,0.0,0.0,0.0,0.0,0.0,0.0,0.0,0.0,0.0,0.0,4.0,0.0,0.0
6.0000231e7,100021.0,301.0,QUEST_BUILDING_POWER_UP,升级建筑战斗力提升【4·数量】点,建筑战力提升,无,0.0,0.0,0.0,10000.0,REWARD_MODE_ALL,1.0,0.0,0.0,0.0,0.0,0.0,0.0,0.0,0.0,0.0,0.0,0.0,0.0,0.0,0.0,0.0,0.0,5.0,0.0,0.0
6.0000232e7,100021.0,301.0,QUEST_BUILDING_POWER_UP,升级建筑战斗力提升【4·数量】点,建筑战力提升,无,0.0,0.0,0.0,20000.0,REWARD_MODE_ALL,1.0,0.0,0.0,0.0,0.0,0.0,0.0,0.0,0.0,0.0,0.0,0.0,0.0,0.0,0.0,0.0,0.0,6.0,0.0,0.0
6.0000233e7,100021.0,301.0,QUEST_BUILDING_POWER_UP,升级建筑战斗力提升【4·数量】点,建筑战力提升,无,0.0,0.0,0.0,30000.0,REWARD_MODE_ALL,1.0,0.0,0.0,0.0,0.0,0.0,0.0,0.0,0.0,0.0,0.0,0.0,0.0,0.0,0.0,0.0,0.0,7.0,0.0,0.0
6.0000234e7,100021.0,301.0,QUEST_BUILDING_POWER_UP,升级建筑战斗力提升【4·数量】点,建筑战力提升,无,0.0,0.0,0.0,40000.0,REWARD_MODE_ALL,1.0,0.0,0.0,0.0,0.0,0.0,0.0,0.0,0.0,0.0,0.0,0.0,0.0,0.0,0.0,0.0,0.0,8.0,0.0,0.0
6.0000235e7,100021.0,301.0,QUEST_UNITS_POWER_UP,训练士兵战斗力提升【4·数量】点,招募部队战力提升,无,0.0,0.0,0.0,10000.0,REWARD_MODE_ALL,1.0,0.0,0.0,0.0,0.0,0.0,0.0,0.0,0.0,0.0,0.0,0.0,0.0,0.0,0.0,0.0,0.0,9.0,0.0,0.0
6.0000236e7,100021.0,301.0,QUEST_UNITS_POWER_UP,训练士兵战斗力提升【4·数量】点,招募部队战力提升,无,0.0,0.0,0.0,20000.0,REWARD_MODE_ALL,1.0,0.0,0.0,0.0,0.0,0.0,0.0,0.0,0.0,0.0,0.0,0.0,0.0,0.0,0.0,0.0,0.0,10.0,0.0,0.0
6.0000237e7,100021.0,301.0,QUEST_UNITS_POWER_UP,训练士兵战斗力提升【4·数量】点,招募部队战力提升,无,0.0,0.0,0.0,30000.0,REWARD_MODE_ALL,1.0,0.0,0.0,0.0,0.0,0.0,0.0,0.0,0.0,0.0,0.0,0.0,0.0,0.0,0.0,0.0,0.0,11.0,0.0,0.0
6.0000238e7,100021.0,301.0,QUEST_UNITS_POWER_UP,训练士兵战斗力提升【4·数量】点,招募部队战力提升,无,0.0,0.0,0.0,40000.0,REWARD_MODE_ALL,1.0,0.0,0.0,0.0,0.0,0.0,0.0,0.0,0.0,0.0,0.0,0.0,0.0,0.0,0.0,0.0,0.0,12.0,0.0,0.0
6.0000239e7,100021.0,301.0,QUEST_TECH_POWER_UP,研究科技战斗力提升【4·数量】点,研究科技战力提升,无,0.0,0.0,0.0,10000.0,REWARD_MODE_ALL,1.0,0.0,0.0,0.0,0.0,0.0,0.0,0.0,0.0,0.0,0.0,0.0,0.0,0.0,0.0,0.0,0.0,13.0,0.0,0.0
6.000024e7,100021.0,301.0,QUEST_TECH_POWER_UP,研究科技战斗力提升【4·数量】点,研究科技战力提升,无,0.0,0.0,0.0,20000.0,REWARD_MODE_ALL,1.0,0.0,0.0,0.0,0.0,0.0,0.0,0.0,0.0,0.0,0.0,0.0,0.0,0.0,0.0,0.0,0.0,14.0,0.0,0.0
6.0000241e7,100021.0,301.0,QUEST_TECH_POWER_UP,研究科技战斗力提升【4·数量】点,研究科技战力提升,无,0.0,0.0,0.0,30000.0,REWARD_MODE_ALL,1.0,0.0,0.0,0.0,0.0,0.0,0.0,0.0,0.0,0.0,0.0,0.0,0.0,0.0,0.0,0.0,0.0,15.0,0.0,0.0
6.0000242e7,100021.0,301.0,QUEST_TECH_POWER_UP,研究科技战斗力提升【4·数量】点,研究科技战力提升,无,0.0,0.0,0.0,40000.0,REWARD_MODE_ALL,1.0,0.0,0.0,0.0,0.0,0.0,0.0,0.0,0.0,0.0,0.0,0.0,0.0,0.0,0.0,0.0,0.0,16.0,0.0,0.0
6.0000243e7,100021.0,302.0,QUEST_POWER_UP_RANK,排名奖励 【4.最低标准】,<t37 第/><t92 1/><t37 名/>,<t2 活动结束后，战力排行榜前10的玩家可获得丰富奖励/>,0.0,0.0,0.0,100000.0,REWARD_MODE_ALL,1.0,0.0,0.0,0.0,0.0,0.0,0.0,0.0,0.0,0.0,0.0,0.0,0.0,0.0,0.0,1.0,5.0,6.0,0.0,0.0
6.0000244e7,100021.0,302.0,QUEST_POWER_UP_RANK,排名奖励 【4.最低标准】,<t37 第/><t92 2/><t37 名/>,<t2 活动结束后，战力排行榜前10的玩家可获得丰富奖励/>,0.0,0.0,0.0,50000.0,REWARD_MODE_ALL,1.0,0.0,0.0,0.0,0.0,0.0,0.0,0.0,0.0,0.0,0.0,0.0,0.0,0.0,0.0,6.0,11.0,7.0,0.0,0.0
6.0000245e7,100021.0,302.0,QUEST_POWER_UP_RANK,排名奖励 【4.最低标准】,<t37 第/><t92 3/><t37 名/>,<t2 活动结束后，战力排行榜前10的玩家可获得丰富奖励/>,0.0,0.0,0.0,30000.0,REWARD_MODE_ALL,1.0,0.0,0.0,0.0,0.0,0.0,0.0,0.0,0.0,0.0,0.0,0.0,0.0,0.0,0.0,12.0,17.0,8.0,0.0,0.0
6.0000246e7,100021.0,302.0,QUEST_POWER_UP_RANK,排名奖励 【4.最低标准】,<t37 第/><t92 4/><t37 名/>,<t2 活动结束后，战力排行榜前10的玩家可获得丰富奖励/>,0.0,0.0,0.0,10000.0,REWARD_MODE_ALL,1.0,0.0,0.0,0.0,0.0,0.0,0.0,0.0,0.0,0.0,0.0,0.0,0.0,0.0,0.0,18.0,23.0,9.0,0.0,0.0
6.0000247e7,100023.0,401.0,QUEST_COMMANDER_STAGE_RANK,排名奖励 【4.最低标准】,<t37 第/><t92 1/><t37 名/>,<t2 活动结束后，战力排行榜前10的玩家可获得丰富奖励/>,0.0,0.0,0.0,100000.0,REWARD_MODE_ALL,1.0,0.0,0.0,0.0,0.0,0.0,0.0,0.0,0.0,0.0,0.0,0.0,0.0,0.0,0.0,1.0,5.0,6.0,0.0,0.0
6.0000248e7,100023.0,401.0,QUEST_COMMANDER_STAGE_RANK,排名奖励 【4.最低标准】,<t37 第/><t92 2/><t37 名/>,<t2 活动结束后，战力排行榜前10的玩家可获得丰富奖励/>,0.0,0.0,0.0,50000.0,REWARD_MODE_ALL,1.0,0.0,0.0,0.0,0.0,0.0,0.0,0.0,0.0,0.0,0.0,0.0,0.0,0.0,0.0,6.0,11.0,7.0,0.0,0.0
6.0000249e7,100023.0,401.0,QUEST_COMMANDER_STAGE_RANK,排名奖励 【4.最低标准】,<t37 第/><t92 3/><t37 名/>,<t2 活动结束后，战力排行榜前10的玩家可获得丰富奖励/>,0.0,0.0,0.0,30000.0,REWARD_MODE_ALL,1.0,0.0,0.0,0.0,0.0,0.0,0.0,0.0,0.0,0.0,0.0,0.0,0.0,0.0,0.0,12.0,17.0,8.0,0.0,0.0
6.000025e7,100023.0,401.0,QUEST_COMMANDER_STAGE_RANK,排名奖励 【4.最低标准】,<t37 第/><t92 4/><t37 名/>,<t2 活动结束后，战力排行榜前10的玩家可获得丰富奖励/>,0.0,0.0,0.0,10000.0,REWARD_MODE_ALL,1.0,0.0,0.0,0.0,0.0,0.0,0.0,0.0,0.0,0.0,0.0,0.0,0.0,0.0,0.0,18.0,23.0,9.0,0.0,0.0
6.0000251e7,100023.0,402.0,QUEST_COMMANDER_MAIN_RANK,排名奖励 【4.最低标准】,<t37 第/><t92 1/><t37 名/>,<t2 活动结束后，战力排行榜前10的玩家可获得丰富奖励/>,0.0,0.0,0.0,100000.0,REWARD_MODE_ALL,1.0,0.0,0.0,0.0,0.0,0.0,0.0,0.0,0.0,0.0,0.0,0.0,0.0,0.0,0.0,1.0,5.0,6.0,0.0,0.0
6.0000252e7,100023.0,402.0,QUEST_COMMANDER_MAIN_RANK,排名奖励 【4.最低标准】,<t37 第/><t92 2/><t37 名/>,<t2 活动结束后，战力排行榜前10的玩家可获得丰富奖励/>,0.0,0.0,0.0,50000.0,REWARD_MODE_ALL,1.0,0.0,0.0,0.0,0.0,0.0,0.0,0.0,0.0,0.0,0.0,0.0,0.0,0.0,0.0,6.0,11.0,7.0,0.0,0.0
6.0000253e7,100023.0,402.0,QUEST_COMMANDER_MAIN_RANK,排名奖励 【4.最低标准】,<t37 第/><t92 3/><t37 名/>,<t2 活动结束后，战力排行榜前10的玩家可获得丰富奖励/>,0.0,0.0,0.0,30000.0,REWARD_MODE_ALL,1.0,0.0,0.0,0.0,0.0,0.0,0.0,0.0,0.0,0.0,0.0,0.0,0.0,0.0,0.0,12.0,17.0,8.0,0.0,0.0
6.0000254e7,100023.0,402.0,QUEST_COMMANDER_MAIN_RANK,排名奖励 【4.最低标准】,<t37 第/><t92 4/><t37 名/>,<t2 活动结束后，战力排行榜前10的玩家可获得丰富奖励/>,0.0,0.0,0.0,10000.0,REWARD_MODE_ALL,1.0,0.0,0.0,0.0,0.0,0.0,0.0,0.0,0.0,0.0,0.0,0.0,0.0,0.0,0.0,18.0,23.0,9.0,0.0,0.0
6.0000255e7,100024.0,1101.0,QUEST_POINT_TRAIN_TROOPS,训练士兵获取积分【4·数量】点,无,无,0.0,0.0,0.0,5000.0,REWARD_MODE_ALL,1.0,0.0,0.0,0.0,0.0,0.0,0.0,0.0,0.0,0.0,0.0,0.0,0.0,0.0,0.0,0.0,0.0,1.0,0.0,0.0
6.0000256e7,100024.0,1101.0,QUEST_POINT_TRAIN_TROOPS,训练士兵获取积分【4·数量】点,无,无,0.0,0.0,0.0,10000.0,REWARD_MODE_ALL,1.0,0.0,0.0,0.0,0.0,0.0,0.0,0.0,0.0,0.0,0.0,0.0,0.0,0.0,0.0,0.0,0.0,2.0,0.0,0.0
6.0000257e7,100024.0,1101.0,QUEST_POINT_TRAIN_TROOPS,训练士兵获取积分【4·数量】点,无,无,0.0,0.0,0.0,20000.0,REWARD_MODE_ALL,1.0,0.0,0.0,0.0,0.0,0.0,0.0,0.0,0.0,0.0,0.0,0.0,0.0,0.0,0.0,0.0,0.0,3.0,0.0,0.0
6.0000258e7,100025.0,1102.0,QUEST_POINT_RES_COLLECT,采集资源获取积分【4·数量】点,无,无,0.0,0.0,0.0,5000.0,REWARD_MODE_ALL,1.0,0.0,0.0,0.0,0.0,0.0,0.0,0.0,0.0,0.0,0.0,0.0,0.0,0.0,0.0,0.0,0.0,1.0,0.0,0.0
6.0000259e7,100025.0,1102.0,QUEST_POINT_RES_COLLECT,采集资源获取积分【4·数量】点,无,无,0.0,0.0,0.0,10000.0,REWARD_MODE_ALL,1.0,0.0,0.0,0.0,0.0,0.0,0.0,0.0,0.0,0.0,0.0,0.0,0.0,0.0,0.0,0.0,0.0,2.0,0.0,0.0
6.000026e7,100025.0,1102.0,QUEST_POINT_RES_COLLECT,采集资源获取积分【4·数量】点,无,无,0.0,0.0,0.0,20000.0,REWARD_MODE_ALL,1.0,0.0,0.0,0.0,0.0,0.0,0.0,0.0,0.0,0.0,0.0,0.0,0.0,0.0,0.0,0.0,0.0,3.0,0.0,0.0
6.0000261e7,100026.0,1103.0,QUEST_POINT_WARLORD,消灭野怪获取积分【4·数量】点,无,无,0.0,0.0,0.0,5000.0,REWARD_MODE_ALL,1.0,0.0,0.0,0.0,0.0,0.0,0.0,0.0,0.0,0.0,0.0,0.0,0.0,0.0,0.0,0.0,0.0,1.0,0.0,0.0
6.0000262e7,100026.0,1103.0,QUEST_POINT_WARLORD,消灭野怪获取积分【4·数量】点,无,无,0.0,0.0,0.0,10000.0,REWARD_MODE_ALL,1.0,0.0,0.0,0.0,0.0,0.0,0.0,0.0,0.0,0.0,0.0,0.0,0.0,0.0,0.0,0.0,0.0,2.0,0.0,0.0
6.0000263e7,100026.0,1103.0,QUEST_POINT_WARLORD,消灭野怪获取积分【4·数量】点,无,无,0.0,0.0,0.0,20000.0,REWARD_MODE_ALL,1.0,0.0,0.0,0.0,0.0,0.0,0.0,0.0,0.0,0.0,0.0,0.0,0.0,0.0,0.0,0.0,0.0,3.0,0.0,0.0
6.0000264e7,100027.0,1104.0,QUEST_POINT_POWER_UP,战力提升获取积分【4·数量】点,无,无,0.0,0.0,0.0,5000.0,REWARD_MODE_ALL,1.0,0.0,0.0,0.0,0.0,0.0,0.0,0.0,0.0,0.0,0.0,0.0,0.0,0.0,0.0,0.0,0.0,1.0,0.0,0.0
6.0000265e7,100027.0,1104.0,QUEST_POINT_POWER_UP,战力提升获取积分【4·数量】点,无,无,0.0,0.0,0.0,10000.0,REWARD_MODE_ALL,1.0,0.0,0.0,0.0,0.0,0.0,0.0,0.0,0.0,0.0,0.0,0.0,0.0,0.0,0.0,0.0,0.0,2.0,0.0,0.0
6.0000266e7,100027.0,1104.0,QUEST_POINT_POWER_UP,战力提升获取积分【4·数量】点,无,无,0.0,0.0,0.0,20000.0,REWARD_MODE_ALL,1.0,0.0,0.0,0.0,0.0,0.0,0.0,0.0,0.0,0.0,0.0,0.0,0.0,0.0,0.0,0.0,0.0,3.0,0.0,0.0
6.0000267e7,100028.0,1105.0,QUEST_POINT_DAMAGE_ENEMY,消灭敌军获取积分【4·数量】点,无,无,0.0,0.0,0.0,5000.0,REWARD_MODE_ALL,1.0,0.0,0.0,0.0,0.0,0.0,0.0,0.0,0.0,0.0,0.0,0.0,0.0,0.0,0.0,0.0,0.0,1.0,0.0,0.0
6.0000268e7,100028.0,1105.0,QUEST_POINT_DAMAGE_ENEMY,消灭敌军获取积分【4·数量】点,无,无,0.0,0.0,0.0,10000.0,REWARD_MODE_ALL,1.0,0.0,0.0,0.0,0.0,0.0,0.0,0.0,0.0,0.0,0.0,0.0,0.0,0.0,0.0,0.0,0.0,2.0,0.0,0.0
6.0000269e7,100028.0,1105.0,QUEST_POINT_DAMAGE_ENEMY,消灭敌军获取积分【4·数量】点,无,无,0.0,0.0,0.0,20000.0,REWARD_MODE_ALL,1.0,0.0,0.0,0.0,0.0,0.0,0.0,0.0,0.0,0.0,0.0,0.0,0.0,0.0,0.0,0.0,0.0,3.0,0.0,0.0
6.000027e7,100024.0,1201.0,QUSET_LOOP_TRAIN_TROOPS,循环计数生产【4·数量】个【2·等级】级以上的【1·部队类型】,一骑绝尘,<t2 训练并收取5000个1级空中部队>,AIR_TROOPS,1.0,EQUAL,5000.0,REWARD_MODE_ALL,0.0,0.0,0.0,0.0,0.0,0.0,0.0,0.0,0.0,0.0,0.0,0.0,0.0,0.0,0.0,0.0,0.0,0.0,0.0,0.0
6.0000271e7,100024.0,1201.0,QUSET_LOOP_TRAIN_TROOPS,循环计数生产【4·数量】个【2·等级】级以上的【1·部队类型】,一骑绝尘,<t2 训练并收取5000个2级空中部队>,AIR_TROOPS,2.0,EQUAL,5000.0,REWARD_MODE_ALL,0.0,0.0,0.0,0.0,0.0,0.0,0.0,0.0,0.0,0.0,0.0,0.0,0.0,0.0,0.0,0.0,0.0,0.0,0.0,0.0
6.0000272e7,100024.0,1201.0,QUSET_LOOP_TRAIN_TROOPS,循环计数生产【4·数量】个【2·等级】级以上的【1·部队类型】,一骑绝尘,<t2 训练并收取5000个3级空中部队>,AIR_TROOPS,3.0,EQUAL,5000.0,REWARD_MODE_ALL,0.0,0.0,0.0,0.0,0.0,0.0,0.0,0.0,0.0,0.0,0.0,0.0,0.0,0.0,0.0,0.0,0.0,0.0,0.0,0.0
6.0000273e7,100025.0,1202.0,QUEST_LOOP_RES_COLLECT,循环计数野外采集获得道具【1·每采集X重量资源】,无,无,500.0,0.0,0.0,0.0,REWARD_MODE_ALL,0.0,0.0,0.0,0.0,0.0,0.0,0.0,0.0,0.0,0.0,0.0,0.0,0.0,0.0,0.0,0.0,0.0,0.0,0.0,0.0
6.0000274e7,100025.0,1202.0,QUEST_LOOP_RES_COLLECT,循环计数野外采集获得道具【1·每采集X重量资源】,无,无,1000.0,0.0,0.0,0.0,REWARD_MODE_ALL,0.0,0.0,0.0,0.0,0.0,0.0,0.0,0.0,0.0,0.0,0.0,0.0,0.0,0.0,0.0,0.0,0.0,0.0,0.0,0.0
6.0000275e7,100025.0,1202.0,QUEST_LOOP_RES_COLLECT,循环计数野外采集获得道具【1·每采集X重量资源】,无,无,2000.0,0.0,0.0,0.0,REWARD_MODE_ALL,0.0,0.0,0.0,0.0,0.0,0.0,0.0,0.0,0.0,0.0,0.0,0.0,0.0,0.0,0.0,0.0,0.0,0.0,0.0,0.0
6.0000276e7,100026.0,1203.0,QUEST_LOOP_WARLORD,循环计数消灭【2·等级】级以上的军阀【4·次】次,消灭军阀,<t2 消灭1级军阀1次/>,0.0,1.0,EQUAL,1.0,REWARD_MODE_ALL,0.0,0.0,0.0,0.0,0.0,0.0,0.0,0.0,0.0,0.0,0.0,0.0,0.0,0.0,0.0,0.0,0.0,0.0,0.0,0.0
6.0000277e7,100026.0,1203.0,QUEST_LOOP_WARLORD,循环计数消灭【2·等级】级以上的军阀【4·次】次,消灭军阀,<t2 消灭2级军阀1次/>,0.0,2.0,EQUAL,1.0,REWARD_MODE_ALL,0.0,0.0,0.0,0.0,0.0,0.0,0.0,0.0,0.0,0.0,0.0,0.0,0.0,0.0,0.0,0.0,0.0,0.0,0.0,0.0
6.0000278e7,100026.0,1203.0,QUEST_LOOP_WARLORD,循环计数消灭【2·等级】级以上的军阀【4·次】次,消灭军阀,<t2 消灭3级军阀1次/>,0.0,3.0,EQUAL,1.0,REWARD_MODE_ALL,0.0,0.0,0.0,0.0,0.0,0.0,0.0,0.0,0.0,0.0,0.0,0.0,0.0,0.0,0.0,0.0,0.0,0.0,0.0,0.0
6.0000279e7,100027.0,1204.0,QUSET_LOOP_POWER_UP,循环计数战斗力提升【4·数量】点（不计算伤兵恢复）,总战力提升,无,0.0,0.0,0.0,40000.0,REWARD_MODE_ALL,0.0,0.0,0.0,0.0,0.0,0.0,0.0,0.0,0.0,0.0,0.0,0.0,0.0,0.0,0.0,0.0,0.0,0.0,0.0,0.0
6.000028e7,100027.0,1204.0,QUSET_LOOP_POWER_UP,循环计数战斗力提升【4·数量】点（不计算伤兵恢复）,总战力提升,无,0.0,0.0,0.0,80000.0,REWARD_MODE_ALL,0.0,0.0,0.0,0.0,0.0,0.0,0.0,0.0,0.0,0.0,0.0,0.0,0.0,0.0,0.0,0.0,0.0,0.0,0.0,0.0
6.0000281e7,100027.0,1204.0,QUSET_LOOP_POWER_UP,循环计数战斗力提升【4·数量】点（不计算伤兵恢复）,总战力提升,无,0.0,0.0,0.0,120000.0,REWARD_MODE_ALL,0.0,0.0,0.0,0.0,0.0,0.0,0.0,0.0,0.0,0.0,0.0,0.0,0.0,0.0,0.0,0.0,0.0,0.0,0.0,0.0
6.0000282e7,100028.0,1205.0,QUSET_LOOP_KILL_ENEMY,循环计数累计杀死(仅死兵)【2·等级】级以上【4·数量】名敌军(玩家军队）,无,无,0.0,1.0,EQUAL,1.0,REWARD_MODE_ALL,0.0,0.0,0.0,0.0,0.0,0.0,0.0,0.0,0.0,0.0,0.0,0.0,0.0,0.0,0.0,0.0,0.0,0.0,0.0,0.0
6.0000283e7,100028.0,1205.0,QUSET_LOOP_KILL_ENEMY,循环计数累计杀死(仅死兵)【2·等级】级以上【4·数量】名敌军(玩家军队）,无,无,0.0,2.0,EQUAL,2.0,REWARD_MODE_ALL,0.0,0.0,0.0,0.0,0.0,0.0,0.0,0.0,0.0,0.0,0.0,0.0,0.0,0.0,0.0,0.0,0.0,0.0,0.0,0.0
6.0000284e7,100028.0,1205.0,QUSET_LOOP_KILL_ENEMY,循环计数累计杀死(仅死兵)【2·等级】级以上【4·数量】名敌军(玩家军队）,无,无,0.0,3.0,EQUAL,3.0,REWARD_MODE_ALL,0.0,0.0,0.0,0.0,0.0,0.0,0.0,0.0,0.0,0.0,0.0,0.0,0.0,0.0,0.0,0.0,0.0,0.0,0.0,0.0
